,Unnamed: 0,Easting Coord,Northing Coord,Depth,Standard Deviation 0.5,Standard Deviation 1,Standard Deviation 2,Standard Deviation 3,Mean 0.5,Mean 1,Mean 2,Mean 3,Dz 0.5,Dz 1,Dz 2,dz 3,Dp 1,Dp 2,Dp 3,Linearity,Planarity,Sphericity,Omnivariance,Anisotropy,Change of Curvature,Eigenentropy,Scattering,Label
0,0,300496.19,5989452.874,17.87,0.0358024884863917,0.0352341458738679,0.04641672248597,0.0556297640064019,18.042727272727276,18.073958333333334,18.090555555555557,18.09491150442478,-0.1199999999999974,-0.1199999999999974,-0.1199999999999974,-0.1199999999999974,0.2038314370147418,0.2205657634476665,0.2250942420796491,0.05212386400558,0.931973198660945,0.0159029373334749,0.1257912263991435,0.9840970626665252,0.0080981295449519,0.734245642975159,0.0159029373334749,1.0
1,1,300498.046,5989451.879,18.07,0.0413087188909346,0.0356141453209081,0.0322208147712409,0.0421355340979391,18.07307692307692,18.08938775510204,18.0899,18.091482300884955,0.0800000000000018,0.0800000000000018,0.0800000000000018,0.0800000000000018,0.0179181183339096,0.0203327183553483,0.0215972084115492,0.0233074220208583,0.9715209011429532,0.0051716768361884,0.0865743389555492,0.9948283231638116,0.0026095010410641,0.7093980382226686,0.0051716768361884,0.0
2,2,300492.159,5989558.565,17.72,0.0726761183733567,0.0501800835007459,0.0310227263105404,0.0277601915259074,17.812727272727273,17.847291666666667,17.84345,17.829490022172948,-0.0100000000000015,-0.0100000000000015,-0.0100000000000015,-0.0100000000000015,0.1285947660799138,0.1234964484974625,0.1094679843299673,0.0331496995393514,0.9612857062753956,0.0055645941852529,0.0888381087919809,0.9944354058147472,0.0028212087631045,0.7104294144566975,0.0055645941852529,1.0
3,3,300449.716,5989830.886,18.17,0.0508517200878933,0.0462257474562732,0.0457571975858123,0.0501979090480661,18.127692307692307,18.170816326530613,18.161105527638192,18.14464601769912,0.1400000000000005,0.1400000000000005,0.1400000000000005,0.1600000000000001,0.0019153941539116,0.0088576514681335,0.0256604779569897,0.0373478575692151,0.9528077403970416,0.0098444020337433,0.1072844197527244,0.9901555979662569,0.004990833601899,0.7209381712756564,0.0098444020337433,0.0
4,4,300462.282,5989594.769,18.11,0.0701189465598752,0.0459658401901329,0.0307735692244833,0.0323708931041136,18.105,18.15042553191489,18.13665,18.1175,0.129999999999999,0.129999999999999,0.129999999999999,0.129999999999999,0.040014925696596,0.0263430849008727,0.0072621295475983,0.0968963214061809,0.8862095842740242,0.0168940943197948,0.1291784642201491,0.9831059056802052,0.0087990176645662,0.7361698088325561,0.0168940943197948,1.0
5,5,300473.548,5989628.452,18.28,0.0333938843974692,0.033941726772905,0.0450698097609782,0.053582069638504,18.24333333333333,18.251,18.23361809045226,18.21283813747228,0.1000000000000014,0.1000000000000014,0.1600000000000001,0.1900000000000012,0.0302287348313257,0.0466327485628426,0.0672589806199539,0.2616617748002244,0.7370606417318362,0.0012775834679393,0.056376078935081,0.9987224165320608,0.0007344055288378,0.6873084938949695,0.0012775834679393,1.0
6,6,300478.502,5989679.763,18.18,0.0418993502999223,0.0283320545320957,0.0377860685596076,0.0480828281104721,18.2,18.208695652173912,18.20432989690721,18.19807256235828,0.0500000000000007,0.0500000000000007,0.0599999999999987,0.1099999999999994,0.0290506956225726,0.0244764353847131,0.018442176253302,0.0939536515739492,0.9001403535674101,0.0059059948586406,0.0914823748050011,0.9940940051413594,0.003088986438069,0.7107327295750462,0.0059059948586406,1.0
7,7,300463.362,5989787.851,17.89,0.0354494945897213,0.0583731077815023,0.0336876777046274,0.0305143189619728,18.11833333333333,18.242093023255816,18.245685279187818,18.23435267857143,-0.1899999999999977,-0.1899999999999977,-0.1899999999999977,-0.1899999999999977,0.3528942351404112,0.3555238029148314,0.3443537852290319,0.8179861694932216,0.173129812286832,0.0088840182199463,0.0985591083784446,0.9911159817800536,0.0074599330492073,0.4703295546229696,0.0088840182199463,1.0
8,8,300495.113,5989399.312,17.86,0.0496167127268447,0.0433560019812878,0.0323358284915549,0.0307755161284429,18.062727272727276,18.11270833333333,18.107626262626265,18.08971111111111,-0.120000000000001,-0.120000000000001,-0.120000000000001,-0.120000000000001,0.2533573382243048,0.2476898396271281,0.2296264044671261,0.0523255212324385,0.9277226982208354,0.0199517805467261,0.1353955336200283,0.980048219453274,0.0101400255522505,0.7424053683277924,0.0199517805467261,1.0
9,9,300484.922,5989534.349,17.97,0.0471859635009732,0.0417983497379541,0.0340369275612672,0.0328616384325313,17.955833333333334,17.9628,17.980696517412934,17.985187637969094,0.0899999999999998,0.1099999999999994,0.1099999999999994,0.1099999999999994,0.0079250772250816,0.0108043152431491,0.0150572301354259,0.23299376507929,0.7660549630530598,0.0009512718676502,0.0509208948176669,0.9990487281323496,0.0005380626310291,0.688648495437127,0.0009512718676502,1.0
10,10,300472.77,5989741.205,17.87,0.0323865541373101,0.0436324739667468,0.0294394615154573,0.0260984847872638,17.916,17.96489361702128,17.985929648241207,17.979222222222223,0.0100000000000015,0.0100000000000015,0.0100000000000015,0.0100000000000015,0.0950853422473301,0.1160185504395485,0.1091304171022784,0.0806283086694687,0.9063080601023216,0.0130636312282096,0.1185077390542185,0.9869363687717904,0.0067601906649646,0.7281007204469935,0.0130636312282096,1.0
11,11,300432.825,5989800.295,17.82,0.0580125378298046,0.0439696865275763,0.0328211232387508,0.0252201324178737,17.913636363636364,17.96142857142857,17.9846,17.977676991150442,0.0199999999999995,0.0199999999999995,0.0199999999999995,0.0199999999999995,0.1411847390627371,0.1646916815298027,0.1577524690728751,0.2335073195835732,0.7456745905298724,0.0208180898865543,0.1408584455297519,0.9791819101134456,0.0116477169121659,0.7398561056504126,0.0208180898865543,1.0
12,12,300432.211,5989801.795,17.95,0.0275882422620778,0.0229091669855715,0.0299726623661506,0.0265162424018016,17.975,17.980408163265306,17.96964824120603,17.97,0.0199999999999995,0.0199999999999995,0.1499999999999985,0.1499999999999985,0.0310062229691539,0.0196525621395267,0.0201437021751189,0.0776112859676359,0.9197826287280072,0.0026060853043569,0.0695885801365698,0.997393914695643,0.0013538142052409,0.7016893173172022,0.0026060853043569,1.0
13,13,300481.683,5989479.138,18.02,0.0242462118253298,0.0181429508808975,0.0231359864571781,0.0256512129401669,18.043333333333333,18.05142857142857,18.05655,18.05592017738359,0.0199999999999995,0.0199999999999995,0.0199999999999995,0.0199999999999995,0.0309870350029086,0.0364059703297243,0.0359391937190594,0.2535207030554506,0.7446989119587006,0.0017803849858487,0.0628885075237083,0.9982196150141512,0.0010183755904516,0.6899128900264809,0.0017803849858487,1.0
14,14,300498.714,5989439.69,18.14,0.0428044649799784,0.0458929544190188,0.0277388666606639,0.0232693195540329,18.109,18.1314,18.13095,18.120837004405285,0.1099999999999994,0.1400000000000005,0.1400000000000005,0.1400000000000005,0.0089424266916466,0.0091104391995031,0.019118586096738,0.0778888898197656,0.8984298926793598,0.0236812175008745,0.1436478974954336,0.9763187824991254,0.012170475319479,0.7496525830711742,0.0236812175008745,1.0
15,15,300478.819,5989532.747,17.98,0.0217050941281328,0.0241219534894668,0.0286047739432554,0.0315737808311133,17.996,18.01914893617021,18.03979797979798,18.05132743362832,0.0199999999999995,0.0199999999999995,0.0199999999999995,0.0199999999999995,0.0391176201810594,0.0602323495404562,0.0714644930703798,0.4926566082559128,0.5054416149042484,0.0019017768398386,0.0654727716828739,0.9980982231601612,0.0012600847625194,0.6476091704878089,0.0019017768398386,1.0
16,16,300474.79,5989761.131,17.92,0.0239925202019512,0.0293358819814781,0.0290087060229445,0.0267034490483867,17.983846153846155,17.987708333333334,17.97205,17.959911504424777,-0.009999999999998,-0.009999999999998,0.0100000000000015,0.0200000000000031,0.0668312053603585,0.0520975382969481,0.0399558105127653,0.0360839242245328,0.9584732038840148,0.0054428718914524,0.0882329699603872,0.9945571281085476,0.0027637784863448,0.7101049477695511,0.0054428718914524,1.0
17,17,300464.517,5989791.574,18.14,0.0455521678957216,0.0315715724093237,0.0244340976020835,0.0252102467465108,18.223333333333333,18.251041666666666,18.2486,18.240665188470068,-0.0199999999999995,-0.0199999999999995,-0.0199999999999995,-0.0199999999999995,0.1113017083553131,0.1084435126249445,0.1006839002002379,0.3712937390672995,0.6139769235615234,0.014729337371177,0.1277784576556596,0.9852706626288228,0.0089625278814567,0.712132975927792,0.014729337371177,1.0
18,18,300454.564,5989748.167,17.98,0.0322865953984664,0.0306644113338083,0.0208802556168947,0.0207431516213726,17.926666666666666,17.92816326530612,17.934626865671643,17.9316592920354,0.120000000000001,0.1500000000000021,0.1500000000000021,0.1500000000000021,0.0519932858878746,0.0453404652275821,0.0482157982937678,0.256225911441876,0.7345951048891505,0.0091789836689734,0.108220181337475,0.9908210163310264,0.0052362974311181,0.7114642138143966,0.0091789836689734,1.0
19,19,300508.747,5989497.891,18.28,0.0301511344577767,0.0296794094775954,0.0230570096476914,0.0313708476344012,18.34090909090909,18.36938775510204,18.368153846153845,18.359268292682927,-0.0299999999999975,-0.0299999999999975,-0.0299999999999975,0.0,0.0899286291969474,0.0881272735641687,0.0794096877143601,0.4582536254915885,0.5384333837107205,0.003312990797691,0.0786551041070714,0.9966870092023088,0.0021442482224847,0.6622278904626883,0.003312990797691,1.0
20,20,300482.421,5989521.379,18.12,0.0367114052131928,0.0403523695151867,0.0436664767760101,0.0478396216711584,18.1725,18.187254901960785,18.18149253731343,18.174955947136564,0.0,0.0,0.0300000000000011,0.0700000000000002,0.0666233914671465,0.061277701111976,0.0549759783316403,0.2644987090309988,0.7310477052539205,0.0044535857150806,0.0853545019630788,0.9955464142849194,0.0025595983980734,0.6975756125891754,0.0044535857150806,1.0
21,21,300475.398,5989559.72,17.7,0.0273861278752579,0.0251170728178821,0.0338520249905317,0.0488048999017502,17.73,17.749387755102042,17.773585858585857,17.792079646017697,0.009999999999998,0.009999999999998,0.009999999999998,0.009999999999998,0.0485966471314895,0.073330566228833,0.0918604309990769,0.0297777441527212,0.967471812146406,0.0027504437008726,0.0703024167727979,0.9972495562991271,0.0013940606991179,0.7026266138563229,0.0027504437008726,1.0
22,22,300481.294,5989578.573,17.9,0.0323615933982354,0.0300339943451833,0.0404939352739374,0.0497589261015545,17.994545454545456,18.026,18.0212,18.019778270509978,-0.0200000000000031,-0.0200000000000031,-0.0200000000000031,-0.0200000000000031,0.126052191510098,0.1213843076257035,0.1197361247177468,0.2303895107019412,0.7584916722473448,0.0111188170507139,0.1148625926160415,0.988881182949286,0.006243968137702,0.7182928339961868,0.0111188170507139,1.0
23,23,300499.766,5989424.103,18.24,0.0598786651943291,0.0335004315131111,0.0220483636336629,0.0200301107606559,18.143636363636364,18.15836734693877,18.154040404040405,18.14924944812362,0.1999999999999993,0.1999999999999993,0.1999999999999993,0.1999999999999993,0.0828794261615257,0.0859741971398762,0.0907189646386541,0.2041568876110243,0.7860121734940576,0.009830938894918,0.1099431382036849,0.990169061105082,0.0054444703837483,0.7167452013411305,0.009830938894918,1.0
24,24,300475.757,5989473.465,18.04,0.0379473319220209,0.0281843409853905,0.0225398597353553,0.022557362092496,18.078,18.112765957446808,18.11256281407035,18.105515695067265,0.0399999999999991,0.0399999999999991,0.0399999999999991,0.0399999999999991,0.0728385815946239,0.0724984367043362,0.065425603184849,0.0711339937940498,0.9191586542683968,0.0097073519375531,0.1073665607184147,0.9902926480624468,0.0050074720653592,0.720518111606603,0.0097073519375531,1.0
25,25,300486.353,5989465.742,17.92,0.0310717644406386,0.0279135570407403,0.0259814281759106,0.0277815823473161,17.946363636363635,17.978571428571428,17.98969696969697,17.995154867256637,0.0300000000000011,0.0300000000000011,0.0300000000000011,0.0300000000000011,0.058439462838578,0.0698069446516456,0.075370633690909,0.4566712064563598,0.5391505802973248,0.0041782132463153,0.0849281798915864,0.9958217867536848,0.0026999640247073,0.6656202132165099,0.0041782132463153,1.0
26,26,300476.726,5989512.254,18.1,0.0234520787991169,0.0312177105910321,0.0238279588903081,0.0259837911898092,18.14666666666667,18.197333333333333,18.194292929292928,18.181280898876405,0.0,0.0,0.0,0.0100000000000015,0.0973773307050578,0.0940001086424899,0.0811124431302232,0.3730767796953431,0.6229446969284771,0.0039785233761797,0.0831542197614757,0.99602147662382,0.0024394623352357,0.682105275914953,0.0039785233761797,1.0
27,27,300489.118,5989378.55,17.87,0.0430855385989737,0.0300170019849296,0.0227157272334161,0.0245121600990117,17.991818181818182,18.021020408163267,18.004824120603015,17.987477477477476,-0.0299999999999975,-0.0299999999999975,-0.0299999999999975,-0.0299999999999975,0.1513816846709232,0.1347708744724514,0.1172555167286191,0.0571905059098114,0.9267147195846964,0.0160947745054922,0.1263833128693536,0.9839052254945078,0.0082162128918277,0.7346560765715812,0.0160947745054922,1.0
28,28,300444.49,5989855.173,17.91,0.0349999999999992,0.0323572793126111,0.0257540737957981,0.0318076044603946,18.023333333333333,18.074468085106385,18.065656565656564,18.045685840707964,-0.0500000000000007,-0.0500000000000007,-0.0500000000000007,-0.0300000000000011,0.1646265688614221,0.1555485275202955,0.1356380959841772,0.3641480725196799,0.627944979674969,0.0079069478053511,0.1042197860475323,0.9920930521946488,0.0048102844792104,0.6954191297637066,0.0079069478053511,1.0
29,29,300445.447,5989816.272,17.98,0.0434101882562661,0.0244650206221566,0.0238294113439296,0.0315754820525741,18.112,18.128125,18.115656565656565,18.10599557522124,-0.0799999999999983,-0.0799999999999983,-0.0799999999999983,-0.0500000000000007,0.1482423078996362,0.1358746959849668,0.1262953863188158,0.061696700297105,0.9296542161041887,0.0086490835987061,0.1032164970767869,0.9913509164012938,0.0044423703799264,0.7180584325146643,0.0086490835987061,1.0
30,30,300474.43,5989444.37,18.09,0.0290767010758536,0.024206804575472,0.0251315633693356,0.0317563368029647,18.196363636363635,18.21877551020408,18.22175,18.21246153846154,-0.0599999999999987,-0.0599999999999987,-0.0599999999999987,-0.0500000000000007,0.1282592302595731,0.131577524516615,0.1224772169443895,0.0485373364776909,0.9402682395783092,0.0111944239439998,0.1121037326625696,0.9888055760560002,0.0057037085161174,0.7240425008196947,0.0111944239439998,1.0
31,31,300476.252,5989476.998,18.07,0.0324037034920394,0.0264456419978099,0.0251809327885547,0.0259730541587643,18.08,18.096304347826088,18.10381443298969,18.1,0.0399999999999991,0.0399999999999991,0.0399999999999991,0.1000000000000014,0.0256950108741875,0.0338692643417744,0.0299963121360633,0.3650263297014448,0.6329532339455599,0.0020204363529952,0.0663773405073042,0.9979795636470048,0.001234235569197,0.6766881264911246,0.0020204363529952,1.0
32,32,300476.91,5989415.224,18.11,0.0418511069329738,0.0329755629990159,0.0215238561115234,0.0212558605664839,18.113333333333333,18.1506,18.1498,18.14263274336283,0.0599999999999987,0.0599999999999987,0.0599999999999987,0.0599999999999987,0.0398959772137459,0.0397468274968559,0.0325843475293368,0.2577547958107926,0.7381250247328872,0.0041201794563202,0.0831162734621252,0.9958798205436796,0.0023592883224238,0.6971825365771506,0.0041201794563202,1.0
33,33,300488.41,5989509.393,17.96,0.0364566990975716,0.0403734690954682,0.0286213050799159,0.0248554397504889,18.06090909090909,18.116938775510203,18.13597014925373,18.14185430463576,-0.0199999999999995,-0.0199999999999995,-0.0199999999999995,-0.0199999999999995,0.1566186368149829,0.1760468362808751,0.1818658001975563,0.0503055547349359,0.9322668192796166,0.0174276259854474,0.129551585289417,0.9825723740145526,0.0088594532287305,0.737368584324267,0.0174276259854474,1.0
34,34,300502.834,5989405.722,18.02,0.0585377371160404,0.0379021296046992,0.0217754178815828,0.01959538989782,18.086,18.1296,18.128391959799,18.117250554323725,0.0199999999999995,0.0199999999999995,0.0199999999999995,0.0199999999999995,0.109054161250242,0.1083696459299972,0.0972485549391422,0.4930979222162632,0.5004555297893918,0.006446547994345,0.0980568890052215,0.9935534520056548,0.004259790430662,0.6633923505566206,0.006446547994345,1.0
35,35,300461.547,5989761.158,17.71,0.0512510162500872,0.0543307209829292,0.0330306036699987,0.0297951619873485,17.926666666666666,18.03651162790697,18.03958762886598,18.029375,-0.1499999999999985,-0.1499999999999985,-0.1499999999999985,-0.1499999999999985,0.3263047835876023,0.3295049922747921,0.3194983449157007,0.1843097283087382,0.794818343830145,0.0208719278611167,0.1400738206393643,0.9791280721388832,0.0113646724658733,0.7423497521151902,0.0208719278611167,1.0
36,36,300476.047,5989481.958,18.16,0.0273362895666681,0.0222380442540455,0.0208031226059177,0.0222679819572496,18.12454545454545,18.1156,18.107336683417085,18.10059866962306,0.0800000000000018,0.0800000000000018,0.0899999999999998,0.1900000000000012,0.0446294264984317,0.0528233375662239,0.0594589248030388,0.2306819838891858,0.7659494699693621,0.003368546141452,0.0774849782180832,0.996631453858548,0.001900249154691,0.6971276004874769,0.003368546141452,1.0
37,37,300462.793,5989774.852,18.12,0.0357919069911148,0.0353793821352512,0.0317888368889738,0.036533157459884,18.129166666666663,18.13061224489796,18.13015,18.119534368070955,0.0500000000000007,0.0800000000000018,0.0800000000000018,0.0800000000000018,0.0100831859163008,0.0104943493206519,0.000213156126847,0.2476252489364198,0.7501869797008108,0.0021877713627693,0.0672940293756458,0.9978122286372308,0.0012469041911051,0.6918621468723198,0.0021877713627693,1.0
38,38,300475.619,5989523.467,18.14,0.0518750965399169,0.0328732879588354,0.022929205655182,0.0230825410369842,18.13923076923077,18.1564,18.167918781725888,18.164889380530973,0.0800000000000018,0.0800000000000018,0.0800000000000018,0.0800000000000018,0.0156820116972085,0.0279866666460293,0.0247884151613106,0.0539483133455344,0.9386216942844816,0.0074299923699838,0.0980599652196314,0.992570007630016,0.0038034615065826,0.7151164938259978,0.0074299923699838,1.0
39,39,300484.855,5989665.335,18.02,0.023403573930647,0.0257133519905172,0.0303831662486164,0.0363023600515744,18.0375,18.052941176470583,18.05950495049505,18.057180616740087,0.0199999999999995,0.0199999999999995,0.0300000000000011,0.0599999999999987,0.0327405928110238,0.0393791628157487,0.03705710239592,0.2576720316291444,0.738547777253526,0.0037801911173294,0.0807790457496295,0.9962198088826704,0.002164923803138,0.696139649622892,0.0037801911173294,1.0
40,40,300443.726,5989836.742,18.07,0.0380642731296541,0.0230940107675853,0.0289330251296006,0.0369420682882221,18.094,18.1,18.089497487437185,18.077387387387382,0.0300000000000011,0.0300000000000011,0.0399999999999991,0.0599999999999987,0.0297930886226822,0.0200462331195012,0.0077402208926287,0.0896400477002638,0.9067489470928972,0.0036110052068391,0.0776864142233445,0.9963889947931608,0.0018866562173667,0.704460007983616,0.0036110052068391,1.0
41,41,300487.01,5989530.463,18.02,0.0372528895225292,0.0270408149610705,0.0201894484003228,0.020777281579884,18.001,18.02083333333333,18.023467336683417,18.021517857142857,0.0799999999999983,0.0799999999999983,0.0799999999999983,0.0799999999999983,0.000268820032943,0.0033105869224527,0.0013591813039965,0.0817041783507426,0.916301143035731,0.0019946786135264,0.0637164513050823,0.9980053213864736,0.0010387379478539,0.6996948754049277,0.0019946786135264,1.0
42,42,300437.786,5989860.224,17.89,0.0315524255098648,0.0247802553372454,0.0223113428529186,0.0253080458752429,17.932,17.961063829787232,17.955572139303484,17.945503355704698,0.0100000000000015,0.0100000000000015,0.0100000000000015,0.0100000000000015,0.0708931270564789,0.0652316410414641,0.0553358354227384,0.0713982083987389,0.9237259371666888,0.0048758544345724,0.0855633134380091,0.9951241455654276,0.0025218054341457,0.7083215342276591,0.0048758544345724,1.0
43,43,300476.384,5989642.26,17.84,0.0407080195679279,0.0270248644790449,0.0199481219845649,0.0177848924763674,18.052857142857142,18.095116279069767,18.09989743589744,18.099577777777775,-0.1700000000000017,-0.1700000000000017,-0.1700000000000017,-0.1700000000000017,0.2550248912593815,0.2599853533647547,0.2595711871617823,0.3033451560479351,0.6844616872116315,0.0121931567404334,0.1194009653230971,0.9878068432595666,0.0071353079592171,0.7146242809486539,0.0121931567404334,1.0
44,44,300490.931,5989382.804,17.85,0.0414290192541848,0.0367006645104716,0.0254573098905929,0.0230756692912536,17.958181818181817,18.007755102040818,18.005223880597015,17.999311111111112,-0.0399999999999991,-0.0399999999999991,-0.0399999999999991,-0.0399999999999991,0.1575974955339916,0.1550316385691985,0.149187872033508,0.2378777877572477,0.7490453758000826,0.0130768364426696,0.121225889823689,0.9869231635573305,0.0073664057291791,0.7224831315926179,0.0130768364426696,1.0
45,45,300476.223,5989479.495,17.93,0.0486239212146217,0.0408186429975523,0.0275825987059346,0.0273580941900644,18.0675,18.12444444444445,18.119035532994925,18.104243792325057,-0.0700000000000002,-0.0700000000000002,-0.0700000000000002,-0.0700000000000002,0.1943576750345528,0.1890940932098601,0.1742947596831072,0.0335207044515717,0.9573460470897954,0.0091332484586329,0.1046094295869761,0.990866751541367,0.004622995782416,0.7192669565318388,0.0091332484586329,1.0
46,46,300498.517,5989427.346,17.97,0.0279682359512041,0.021955720303011,0.018889936964025,0.022259217788277,18.106,18.13489361702128,18.13681818181818,18.139135254988915,-0.0899999999999998,-0.0899999999999998,-0.0899999999999998,-0.0700000000000002,0.1648352396223344,0.1669083357191993,0.1692063099362712,0.4961998362123702,0.4957229300544402,0.0080772337331896,0.1055983365958324,0.9919227662668104,0.0053425190074504,0.6675493263671437,0.0080772337331896,1.0
47,47,300503.479,5989429.711,18.08,0.0163639169448449,0.012377054955106,0.0156760547800567,0.020019155438565,18.157,18.161063829787235,18.1457,18.133964365256126,-0.0600000000000022,-0.0600000000000022,-0.0200000000000031,-0.0100000000000015,0.0810577437659958,0.0656653593650844,0.0538426793355029,0.0794207269746448,0.9173181012115296,0.0032611718138256,0.0749852608977173,0.9967388281861744,0.0016951363209843,0.7036270486177407,0.0032611718138256,1.0
48,48,300467.849,5989542.389,18.04,0.0233549683248452,0.030363807144588,0.0396414920191033,0.0467291546120062,18.08363636363636,18.09686274509804,18.099019607843136,18.09612334801762,-0.0100000000000015,-0.0100000000000015,0.0199999999999995,0.0599999999999987,0.057812573184492,0.0591395783994812,0.0560966960765654,0.0544693869710722,0.9428471519580794,0.0026834610708482,0.0700089592488192,0.9973165389291518,0.0013773953830449,0.7022511326401896,0.0026834610708482,1.0
49,49,300477.018,5989466.577,17.99,0.0254077853335464,0.0189050914377451,0.020368218420079,0.0206282932972109,18.093,18.11145833333333,18.1111,18.10931263858093,-0.0600000000000022,-0.0600000000000022,-0.0600000000000022,-0.0600000000000022,0.1212776685133576,0.1214430183608783,0.119454367129947,0.4963491984159624,0.4977073966723338,0.0059434049117037,0.0954687850445757,0.9940565950882962,0.0039370877856641,0.6608500453334317,0.0059434049117037,1.0
50,50,300412.647,5989875.963,17.72,0.0217503315624597,0.0164879877940458,0.0181933621542532,0.0190582770156889,17.773076923076925,17.788979591836735,17.7835175879397,17.78103982300885,-0.0199999999999995,-0.0199999999999995,-0.0100000000000015,-0.0100000000000015,0.0690714358497643,0.0635835896973731,0.061154962873843,0.0349092699814163,0.9620462620946592,0.0030444679239243,0.0727732192850013,0.9969555320760758,0.0015468794659569,0.7034737457942123,0.0030444679239243,1.0
51,51,300416.221,5989896.881,17.75,0.0371483512420129,0.0279936352948537,0.0180920731809792,0.0190699077550673,17.86,17.893125,17.883299492385788,17.87603982300885,-0.0300000000000011,-0.0300000000000011,-0.0300000000000011,-0.0300000000000011,0.1424277550831902,0.1332762885613192,0.1261281876281828,0.4567383371048928,0.5283325269442599,0.0149291359508473,0.1289418632731542,0.9850708640491528,0.0095810705350745,0.6965415800848057,0.0149291359508473,1.0
52,52,300459.333,5989623.796,18.01,0.025166114784236,0.019201757289196,0.0182015516484736,0.0196719336026709,18.111666666666668,18.129795918367343,18.1256,18.12035476718404,-0.0599999999999987,-0.0599999999999987,-0.0599999999999987,-0.0599999999999987,0.1199169819010421,0.1155048921282286,0.1102862196712522,0.2582251894748973,0.7356595823745362,0.0061152281505665,0.0947067226483707,0.9938847718494336,0.0034986343621477,0.7030090767568657,0.0061152281505665,1.0
53,53,300463.493,5989681.64,18.15,0.0266287609379577,0.0166610875015612,0.0196158592235413,0.0198421164708777,18.19090909090909,18.1986,18.18776649746193,18.17969094922737,0.009999999999998,0.009999999999998,0.009999999999998,0.009999999999998,0.0484938317131309,0.0379148146203078,0.0297666976493928,0.4562800050183846,0.5389620298159582,0.0047579651656572,0.0886530794415226,0.9952420348343428,0.0030726721904422,0.6676569320171909,0.0047579651656572,1.0
54,54,300494.929,5989543.97,17.84,0.0242711950486765,0.0199141012494018,0.0255588787196747,0.034196015590871,17.86909090909091,17.8844,17.8951,17.898429203539823,0.0,0.0,0.0,0.0399999999999991,0.0438777497620321,0.0546575168555136,0.0583344519545789,0.2277723126314203,0.7709893054564048,0.0012383819121749,0.0555533738037172,0.9987616180878252,0.0006982833974811,0.6901593444023673,0.0012383819121749,1.0
55,55,300418.804,5989890.487,17.89,0.0163299316185548,0.0133621143271114,0.0131400641638134,0.0142185020499496,17.89,17.907083333333333,17.900753768844222,17.89151111111111,0.0300000000000011,0.0300000000000011,0.0300000000000011,0.0300000000000011,0.0170928273582831,0.0108901650455663,0.0015182365204964,0.079454991981718,0.9191475467678796,0.0013974612504026,0.0565875924480495,0.9986025387495974,0.0007271087833,0.6977690311338166,0.0013974612504026,1.0
56,56,300444.017,5989802.237,18.07,0.0291356978445497,0.0293183426781136,0.036759611471464,0.0395358227880831,18.074,18.08934782608696,18.08685279187817,18.08341573033708,0.0300000000000011,0.0300000000000011,0.0500000000000007,0.0700000000000002,0.0193902221799362,0.0169194225745741,0.0135604574170429,0.0788626527685729,0.9196067256265364,0.0015306216048906,0.0583212001258136,0.9984693783951094,0.0007960925285591,0.6982297836765584,0.0015306216048906,1.0
57,57,300483.326,5989659.411,18.09,0.0322278817739597,0.0234864992337827,0.0173520755923655,0.0180482930447748,18.0575,18.05673469387755,18.0581592039801,18.056401766004416,0.0899999999999998,0.0899999999999998,0.0899999999999998,0.0899999999999998,0.0341722260927781,0.0318421845622651,0.0336012902844231,0.265507972082945,0.7325438623080142,0.0019481656090408,0.064894987983479,0.9980518343909592,0.0011219307271877,0.6893627378975551,0.0019481656090408,1.0
58,58,300476.951,5989609.951,18.18,0.0162368828177197,0.0144249239641865,0.0172448375495556,0.0221595124653181,18.235,18.24803921568628,18.24395,18.23732300884956,-0.0300000000000011,-0.0300000000000011,-0.0199999999999995,-0.0100000000000015,0.0683436061744942,0.0641768395726103,0.0574891408614348,0.257939330186074,0.7399363994118733,0.0021242704020525,0.0667253005010512,0.9978757295979476,0.0012179158030051,0.6907043967261398,0.0021242704020525,1.0
59,59,300453.214,5989604.971,17.85,0.0607100838882165,0.0609276752948345,0.0456926956812588,0.0442314893323919,18.055,18.147906976744185,18.131725888324876,18.10587443946188,-0.0999999999999978,-0.0999999999999978,-0.0999999999999978,-0.0999999999999978,0.2971193754347042,0.2823096658976283,0.2559999008954037,0.0367453679254593,0.933728081313272,0.0295265507612685,0.1531763302169447,0.9704734492387316,0.0148167551036642,0.7598189823908957,0.0295265507612685,1.0
60,60,300484.621,5989562.825,17.88,0.0295478751025676,0.0199253508838146,0.0311762762209501,0.0352283541572928,17.876923076923077,17.865686274509805,17.83353233830846,17.81923076923077,0.0500000000000007,0.0500000000000007,0.1199999999999974,0.1499999999999985,0.0145638734466047,0.0465829994645901,0.0607594002140103,0.0399592497705761,0.9574780509605753,0.0025626992688485,0.0687854442295987,0.9974373007311514,0.0013057651913858,0.7020109908645463,0.0025626992688485,1.0
61,61,300500.189,5989510.886,18.3,0.0350216383328246,0.0407142857142856,0.0380808119819683,0.0391762387404357,18.349166666666665,18.349183673469387,18.32395,18.331570796460177,-0.009999999999998,0.0300000000000011,0.0399999999999991,0.0399999999999991,0.0476865938398987,0.0239578992768656,0.031505780379625,0.260683387842046,0.7372526789211603,0.0020639332367937,0.0661122110057494,0.9979360667632065,0.0011852281468585,0.6902354099310812,0.0020639332367937,1.0
62,62,300490.124,5989491.749,18.06,0.0445584396658423,0.0367631114634949,0.0332009000193305,0.0479966431445072,18.056363636363635,18.09468085106383,18.095384615384614,18.07430155210643,0.0799999999999983,0.0799999999999983,0.0799999999999983,0.1499999999999985,0.0347071552787383,0.0353735614087327,0.014275341440225,0.4575873067501022,0.5311304913391082,0.0112822019107895,0.1177268431290337,0.9887177980892105,0.0072615298833319,0.6867617420420183,0.0112822019107895,1.0
63,63,300471.734,5989398.565,18.0,0.0290593262902713,0.0234057260982093,0.0221461568066909,0.0190740314184073,18.1,18.126041666666666,18.11,18.10161862527716,-0.0500000000000007,-0.0500000000000007,-0.0500000000000007,-0.0500000000000007,0.1260609367891448,0.1096539928985294,0.101557781912561,0.0764887304085999,0.9148625391827998,0.0086487304086002,0.1034558610021034,0.9913512695913996,0.0044761978348585,0.7179350492270571,0.0086487304086002,1.0
64,64,300498.568,5989387.394,17.95,0.0166969421987347,0.011863022065098,0.0156669312987068,0.0250506459158869,18.023333333333333,18.03265306122449,18.03174129353234,18.032749445676277,-0.0399999999999991,-0.0399999999999991,-0.0300000000000011,-0.0300000000000011,0.0828483810473699,0.0817495742303435,0.0827433230297174,0.2587148754151385,0.7384130164190406,0.0028721081658209,0.0737581008337515,0.997127891834179,0.0016467025517483,0.6931445160386634,0.0028721081658209,1.0
65,65,300500.7,5989389.899,17.99,0.0199240983979124,0.0207814957925524,0.0179211001098068,0.0184741151152881,18.02833333333333,18.043541666666663,18.0462,18.044545454545453,0.0,0.0,0.0,0.0,0.052823222875304,0.0560946419336687,0.0545760118984617,0.2560352529529358,0.742128847183295,0.0018358998637692,0.0635534501267681,0.9981641001362308,0.0010516091095612,0.6898760721038286,0.0018358998637692,1.0
66,66,300496.832,5989390.77,18.13,0.0191643608626202,0.0157907231872234,0.0152887615965382,0.0167141483096392,18.095454545454544,18.0858,18.07565,18.064657836644592,0.0599999999999987,0.0899999999999998,0.0899999999999998,0.1099999999999994,0.0440660926287819,0.0543591543500952,0.0653714157451759,0.2332009391936012,0.7647589989115988,0.0020400618947998,0.0656276172861432,0.9979599381052,0.0011533337705039,0.6925766764607281,0.0020400618947998,1.0
67,67,300472.477,5989394.851,18.03,0.0208166599946617,0.0177760061475527,0.0203761479938087,0.0231789939694279,18.08833333333333,18.099183673469387,18.0979797979798,18.08648230088496,-0.0299999999999975,-0.0299999999999975,-0.0199999999999995,0.0100000000000015,0.0693763091840082,0.0679929048710619,0.0563431720038352,0.2529210751826869,0.7446942283366027,0.0023846964807103,0.0692938910960795,0.9976153035192896,0.0013631014967553,0.6920567947120326,0.0023846964807103,1.0
68,68,300504.222,5989377.323,18.0,0.0205382127220985,0.0168122889942,0.0140256315953635,0.0133716310389972,17.972727272727273,17.987,17.992445652173913,17.991281337047354,0.0700000000000002,0.0700000000000002,0.0700000000000002,0.0700000000000002,0.0130310985696269,0.0076834884603158,0.0088259447802556,0.2344969566066072,0.7636972324589839,0.0018058109344087,0.0630319311922631,0.9981941890655912,0.0010217857110751,0.6916585499094777,0.0018058109344087,1.0
69,69,300493.754,5989393.749,17.97,0.0235660166947478,0.0153809964844323,0.0101776109727311,0.0117944220393098,18.04125,18.057727272727277,18.056321243523318,18.056567505720825,-0.0300000000000011,-0.0300000000000011,-0.0300000000000011,-0.0300000000000011,0.0876912451640237,0.0863145755538426,0.0865629598192754,0.0085631985284105,0.9897221051580783,0.0017146963135112,0.0598793539849833,0.9982853036864888,0.0008602940195046,0.6994737154425037,0.0017146963135112,0.0
70,70,300471.876,5989405.235,18.04,0.0112815214963547,0.0110117438855683,0.0122571721002841,0.0182896506470615,18.114545454545453,18.12469387755102,18.12208121827411,18.12004415011037,-0.0600000000000022,-0.0600000000000022,-0.0600000000000022,-0.0500000000000007,0.0846679973437858,0.0821093250415287,0.0800213463953696,0.456674125216452,0.5420776417297468,0.0012482330538012,0.0568822288392702,0.9987517669461988,0.0008081406048874,0.6547438067031419,0.0012482330538012,1.0
71,71,300502.519,5989440.191,18.08,0.0139841179756013,0.0142405250321568,0.0142702280699027,0.0164142267280345,18.122,18.131875,18.12613065326633,18.11955752212389,-0.0200000000000031,-0.0200000000000031,-0.0100000000000015,0.0,0.0518494626539904,0.046036714069487,0.0395160848206615,0.080267349807159,0.9179019606216112,0.0018306895712297,0.0619114153773937,0.9981693104287704,0.0009527084188931,0.6991927673623125,0.0018306895712297,1.0
72,72,300494.004,5989449.451,18.09,0.0240370085030934,0.0240316627402483,0.0219446540003704,0.0247954164911409,18.175555555555555,18.190851063829783,18.1822,18.16710467706013,-0.0500000000000007,-0.0399999999999991,-0.0399999999999991,-0.0300000000000011,0.1010767672705696,0.0921738748220377,0.0772002105295541,0.3718127786200003,0.6226270799733278,0.0055601414066718,0.0928695651350097,0.9944398585933282,0.003403305513031,0.6873106146199892,0.0055601414066718,1.0
73,73,300475.253,5989450.664,18.05,0.0219503572139082,0.017553934332388,0.0140977481775501,0.0193918934940312,18.132727272727276,18.145106382978724,18.148883248730964,18.147111111111112,-0.0399999999999991,-0.0399999999999991,-0.0399999999999991,-0.0399999999999991,0.095297755266074,0.0988175290221988,0.097101129929797,0.4550454753196848,0.5420881951466564,0.0028663295336587,0.0749620463085404,0.9971336704663412,0.0018518483749944,0.6614204164231662,0.0028663295336587,1.0
74,74,300483.989,5989485.632,18.03,0.0398634031298242,0.028979936761385,0.0275609943923053,0.0386871752997428,17.990909090909092,18.0036,18.006497461928934,18.00596026490066,0.1099999999999994,0.1099999999999994,0.1099999999999994,0.120000000000001,0.0279646564813447,0.0237464977326453,0.024124840630975,0.448104500500355,0.5487858067373488,0.0031096927622961,0.0769944820241858,0.9968903072377038,0.0019997957420146,0.6639847422810047,0.0031096927622961,1.0
75,75,300463.703,5989500.577,18.07,0.0161432976992324,0.0164986084756459,0.0183269621863033,0.0190025594761452,18.066666666666663,18.0782,18.08242574257426,18.08380530973451,0.0399999999999991,0.0399999999999991,0.0399999999999991,0.0399999999999991,0.0081046907362178,0.0124761001497972,0.0138991752173751,0.2594202929553147,0.7391180385360321,0.001461668508653,0.0589406743189103,0.998538331491347,0.0008390549898327,0.6882085532257942,0.001461668508653,1.0
76,76,300503.437,5989559.1,17.93,0.012673044646259,0.0155741192845493,0.012587502508956,0.0171346263986833,17.918333333333333,17.92,17.914139784946236,17.90573002754821,0.0300000000000011,0.0300000000000011,0.0399999999999991,0.0700000000000002,0.0094730542405159,0.0149901868262531,0.0196523507984238,0.2573529940381882,0.7418861481391316,0.0007608578226801,0.047420156284671,0.9992391421773196,0.0004364198639259,0.6857177345268165,0.0007608578226801,1.0
77,77,300458.938,5989575.252,18.09,0.0158113883008417,0.0173205080756887,0.0167636889721784,0.0141439553310881,18.066666666666663,18.07,18.06758793969849,18.064755555555557,0.0500000000000007,0.0500000000000007,0.0599999999999987,0.0599999999999987,0.0200355328561272,0.0222339304600609,0.0252114286231517,0.3726773023705617,0.6260628338103588,0.0012598638190794,0.0567712454162396,0.9987401361809206,0.000773595302383,0.6724895808439687,0.0012598638190794,1.0
78,78,300479.91,5989581.336,18.06,0.0267989144963344,0.0230940107675853,0.0217491033465635,0.0297769754867152,18.065,18.082857142857144,18.083316831683167,18.080685840707964,0.0399999999999991,0.0399999999999991,0.0399999999999991,0.139999999999997,0.0223077006958192,0.0231653855007607,0.020650682694395,0.2625942536366071,0.7359118721951788,0.0014938741682141,0.059392599285246,0.998506125831786,0.0008590916638174,0.6880193720474421,0.0014938741682141,1.0
79,79,300492.195,5989577.903,17.96,0.0234843597212093,0.0176199033172093,0.0167385514450208,0.0195359300072254,17.973333333333333,17.979583333333334,17.97597014925373,17.9742,0.0300000000000011,0.0300000000000011,0.0300000000000011,0.0300000000000011,0.0194316429915488,0.0159851512944442,0.0143084095834638,0.2553651959053047,0.7423584839726286,0.0022763201220666,0.0682529477180687,0.9977236798779334,0.0013030543400353,0.6914655106828907,0.0022763201220666,1.0
80,80,300481.192,5989596.081,18.15,0.0270100991213563,0.0172294440274956,0.0132249951800533,0.0136978567442605,18.1925,18.198979591836736,18.19547263681592,18.18731111111111,0.0,0.0,0.0,0.0,0.0490052831955836,0.0454752607938644,0.0373297396023417,0.2556344515723451,0.740963104692643,0.0034024437350119,0.0779905453654867,0.996597556264988,0.001946736494929,0.6951373511726,0.0034024437350119,1.0
81,81,300483.427,5989603.356,18.24,0.0287307247638226,0.0348502627870512,0.0311424027048517,0.0287560441711561,18.25636363636364,18.259795918367345,18.241,18.22611973392461,0.0399999999999991,0.0399999999999991,0.0499999999999971,0.0799999999999983,0.0218412667163647,0.0011021578975487,0.0138575724195106,0.2429736926626482,0.7517165908316501,0.0053097165057016,0.0902205319166604,0.9946902834942984,0.0030128854167793,0.701993077852498,0.0053097165057016,1.0
82,82,300489.788,5989621.931,18.12,0.0133711584684308,0.0265029840445433,0.0364298389487126,0.0538459977233573,18.148333333333333,18.1642,18.17755,18.185011037527595,-0.009999999999998,0.0,0.0,0.0600000000000022,0.043452066660393,0.0571113580081146,0.0645120255358051,0.2588527382238398,0.7397854644963466,0.0013617972798135,0.0575657206223427,0.9986382027201866,0.0007815151793537,0.6878943813102218,0.0013617972798135,1.0
83,83,300471.882,5989639.357,18.26,0.0237792881612244,0.0261503945908071,0.0392217690760799,0.044764660950394,18.24636363636364,18.23627450980392,18.215603864734295,18.196969026548672,0.0700000000000002,0.0700000000000002,0.1400000000000005,0.1700000000000017,0.0236472733959089,0.044190879780217,0.0631259858637349,0.0454685191170201,0.9511243144965358,0.003407166386444,0.0756708804878193,0.996592833613556,0.0017401803632589,0.7044662044403365,0.003407166386444,1.0
84,84,300474.094,5989696.119,18.22,0.0181408629643378,0.0190438091427809,0.0220487307475179,0.021387803100632,18.21090909090909,18.23333333333333,18.23142156862745,18.22611479028697,0.0499999999999971,0.0499999999999971,0.0499999999999971,0.0499999999999971,0.0139694290846819,0.011509840391227,0.0061181983801361,0.0511155243306202,0.9468022126237552,0.0020822630456244,0.0643180860439905,0.9979177369543756,0.001067298075515,0.700433605953084,0.0020822630456244,1.0
85,85,300446.48,5989694.077,17.96,0.0128629135678716,0.011979574453278,0.0144500525985372,0.025487448110483,17.956363636363637,17.9644,17.9618,17.95745575221239,0.0300000000000011,0.0300000000000011,0.0399999999999991,0.0700000000000002,0.0047871382412267,0.0018489520516595,0.0022694574852266,0.2316925084284876,0.7668028095658943,0.001504682005618,0.0593015557474154,0.998495317994382,0.0008501930476479,0.6908174195992878,0.001504682005618,1.0
86,86,300459.424,5989704.556,18.07,0.0140345893053445,0.0146468635634013,0.0183650110765227,0.0198073373080495,18.10833333333333,18.1176,18.112587064676617,18.10808888888889,-0.009999999999998,-0.009999999999998,0.0,0.0100000000000015,0.0476216479582944,0.0427170676994137,0.0382793909666361,0.2584016924842981,0.7399652162138993,0.0016330913018025,0.0611464655822233,0.9983669086981974,0.0009368184297909,0.6889293750393751,0.0016330913018025,1.0
87,87,300427.672,5989724.05,17.66,0.023677121037112,0.0139620476832805,0.0122693487750399,0.0161905382994579,17.638333333333332,17.6464,17.6430198019802,17.642638580931262,0.0700000000000002,0.0700000000000002,0.0700000000000002,0.0700000000000002,0.0136407748141209,0.016983703668302,0.0173615546809742,0.2585227201494128,0.7399890250147738,0.0014882548358134,0.0592883800249202,0.9985117451641864,0.0008538636055595,0.6883918784347081,0.0014882548358134,1.0
88,88,300452.285,5989740.567,17.85,0.0175291964240454,0.0155235173796643,0.0145200433295312,0.0155341448548511,17.905454545454546,17.922800000000002,17.92085,17.915342163355408,-0.0299999999999975,-0.0299999999999975,-0.0299999999999975,-0.0299999999999975,0.0727641401390428,0.0706999283338518,0.0653286459146329,0.232137090292655,0.7642805105437662,0.0035823991635787,0.0790966590466096,0.9964176008364212,0.0020223030006284,0.6976825308418014,0.0035823991635787,1.0
89,89,300443.745,5989769.242,17.96,0.0179195734076203,0.0178358050569344,0.0154327909942399,0.0150852392810254,17.949,17.964130434782607,17.96958762886598,17.970593607305936,0.0500000000000007,0.0500000000000007,0.0500000000000007,0.0500000000000007,0.0043522930791368,0.0096144096041825,0.0105976681879838,0.0806116534573958,0.9181562866388746,0.0012320599037295,0.0542752793431459,0.9987679400962706,0.0006414905827274,0.6971782391788824,0.0012320599037295,1.0
90,90,300451.708,5989775.901,18.08,0.0171344607032068,0.0213111864209072,0.0219752601873452,0.0276296558294082,18.115384615384617,18.11857142857143,18.10005,18.083148558758317,-0.0100000000000015,0.0,0.0199999999999995,0.0599999999999987,0.0393177099940658,0.0202391180282575,0.0033470154157839,0.0357124980459306,0.962007953928234,0.0022795480258354,0.0661164717682808,0.9977204519741644,0.0011591509304799,0.7011730458180321,0.0022795480258354,1.0
91,91,300446.573,5989783.446,18.02,0.0206705763652771,0.0209528138483423,0.0190048435826764,0.0228877380345574,18.075,18.0776,18.071144278606965,18.0624,-0.0300000000000011,-0.0300000000000011,-0.0199999999999995,0.009999999999998,0.057367761794012,0.0509695703076431,0.0422198557243973,0.2594335202828739,0.7387940321275661,0.0017724475895599,0.0628414954126477,0.99822755241044,0.0010172806001067,0.6893302270351742,0.0017724475895599,1.0
92,92,300437.182,5989788.837,17.98,0.0191287503750003,0.0158998780639656,0.0129007615372584,0.0135843788659949,17.9725,17.978163265306122,17.97905,17.97807522123894,0.0500000000000007,0.0500000000000007,0.0500000000000007,0.0500000000000007,0.0016422415646957,0.0008559403540857,0.0019215352003811,0.25843177162883,0.7401696096053424,0.0013986187658276,0.0580756878207088,0.9986013812341724,0.000802435667738,0.6880710026901468,0.0013986187658276,1.0
93,93,300445.689,5989796.158,18.05,0.0181533868615595,0.0127475487839817,0.0160001554718811,0.021190968810213,18.0525,18.057142857142857,18.05233830845771,18.0474778761062,0.0300000000000011,0.0300000000000011,0.0399999999999991,0.0600000000000022,0.0073128702188114,0.0024019802986003,0.0024256756842078,0.2571214042658762,0.7405442524415831,0.0023343432925408,0.0688407773549956,0.9976656567074592,0.0013375693248313,0.6914999874889587,0.0023343432925408,1.0
94,94,300463.675,5989801.561,18.28,0.0188092498199124,0.0128551507949452,0.0136733389852284,0.0175384419222562,18.289166666666667,18.2978431372549,18.29353233830846,18.287028824833705,0.0300000000000011,0.0300000000000011,0.0300000000000011,0.0500000000000007,0.0178894476484856,0.0135579931793472,0.0070761812457931,0.2601228476587007,0.7388993064013023,0.0009778459399969,0.0515680551145718,0.9990221540600032,0.0005617044159119,0.6863116805650104,0.0009778459399969,1.0
95,95,300438.954,5989831.099,18.01,0.0126592420885466,0.0126706044720483,0.0125924720273187,0.0158706895842242,17.995384615384616,17.997551020408164,17.99835,17.997272727272726,0.0400000000000027,0.0400000000000027,0.0400000000000027,0.0400000000000027,0.0121829848176275,0.011525984986747,0.0126840431967139,0.0362399743344722,0.9623854305253132,0.0013745951402146,0.0558884756049502,0.9986254048597856,0.0006994915898693,0.6982733202715902,0.0013745951402146,1.0
96,96,300417.719,5989847.43,17.76,0.0261811868610755,0.01940439672458,0.0145152839220138,0.016014349676876,17.773636363636363,17.785,17.7794,17.775673289183224,0.0400000000000027,0.0400000000000027,0.0400000000000027,0.0400000000000027,0.0248899792932206,0.0194625140902644,0.0157303454288921,0.2306561029908045,0.7638355778677598,0.0055083191414357,0.0911767984893744,0.9944916808585644,0.0031035367853794,0.7035232969911481,0.0055083191414357,1.0
97,97,300439.945,5989860.363,17.96,0.021984843263788,0.0178761803282817,0.0190820242255832,0.0256038276748171,17.94,17.946326530612247,17.955628140703517,17.958716814159292,0.0700000000000002,0.0700000000000002,0.0700000000000002,0.0899999999999998,0.0142375267241732,0.0044841909257229,0.0012233907400514,0.0347467562948308,0.9628102191594036,0.0024430245457655,0.0676443671525556,0.9975569754542344,0.0012415658784254,0.7016790639403382,0.0024430245457655,1.0
98,98,300448.493,5989872.606,17.99,0.0220330330516374,0.01633951014678,0.0182481485049272,0.0185008789422427,18.006363636363638,18.0194,18.003333333333334,17.99289183222958,0.0199999999999995,0.0199999999999995,0.0199999999999995,0.0299999999999975,0.029369547243732,0.0131805290016018,0.0028510126096534,0.4584645199872733,0.5397059973483289,0.0018294826643978,0.0645926498487028,0.998170517335602,0.001185385640234,0.65664833646676,0.0018294826643978,1.0
99,99,300428.033,5989893.352,17.92,0.0111516355015301,0.0113651514141551,0.0138396234009243,0.0150405626061967,17.910769230769233,17.91857142857143,17.91685,17.917240618101545,0.0300000000000011,0.0300000000000011,0.0300000000000011,0.0300000000000011,0.0017818917513068,0.0032652595473336,0.0028553826123243,0.0364879023623287,0.9628430690495404,0.0006690285881307,0.043979715505211,0.9993309714118694,0.000340614508101,0.6957987512299943,0.0006690285881307,1.0
100,100,300471.75,5989496.0,18.08,0.0053452248382474,0.0083368561968739,0.0086217540114441,0.009584948788462,18.075,18.071590909090908,18.07177083333333,18.073004587155964,0.009999999999998,0.0199999999999995,0.0299999999999975,0.0299999999999975,0.0084088037010587,0.0082290409627603,0.0069953488928149,0.0004442864583798,0.9994669036194448,8.88099221754045e-05,0.0223084827406718,0.9999111900778246,4.441285495162282e-05,0.6936058879150926,8.88099221754045e-05,0.0
101,101,300435.0,5989792.5,17.95,0.0083452296039625,0.0091354616533291,0.0139166679729542,0.016398560647531,17.94875,17.95159090909091,17.952291666666667,17.960229357798166,0.009999999999998,0.0199999999999995,0.0399999999999991,0.0399999999999991,0.0015907630440779,0.0022915814333828,0.0102291520161088,0.0011100871313231,0.998701443113271,0.0001884697554058,0.0286697083683327,0.9998115302445942,9.427832197276125e-05,0.6940498417019254,0.0001884697554058,0.0
102,102,300455.0,5989846.0,17.63,0.0140788595317325,0.0139691596282242,0.0237605033264156,0.0344855076411337,17.63375,17.639545454545456,17.6440625,17.652981651376148,0.009999999999998,0.009999999999998,0.0399999999999991,0.0500000000000007,0.0095428419517702,0.0140595520497299,0.0229770243113307,0.0031913781864493,0.9963118080992898,0.0004968137142608,0.0396117445717463,0.9995031862857392,0.0002487419827852,0.695286533131877,0.0004968137142608,0.0
103,103,300430.0,5989845.25,17.92,0.0035355339059332,0.011400363482207,0.0234250294048441,0.0238466753430805,17.90875,17.90340909090909,17.89703125,17.894128440366973,0.0200000000000031,0.0400000000000027,0.0600000000000022,0.0800000000000018,0.0165878199040889,0.0229646910484007,0.0258693742052855,8.889382629331549e-05,0.9997666874085596,0.0001444187651471,0.0262312882935592,0.9998555812348529,7.22073779184775e-05,0.6938579012716745,0.0001444187651471,0.0
104,104,300508.5,5989479.5,18.18,0.0112599162645952,0.0115683464020484,0.0125508346787921,0.0187833432305536,18.17875,18.18318181818182,18.180260416666663,18.182545871559636,0.009999999999998,0.0199999999999995,0.0199999999999995,0.0399999999999991,0.0031812136148801,0.000260404049186,0.0025457309602643,0.0019967372006869,0.9976380589447084,0.0003652038546046,0.0357448547388745,0.9996347961453954,0.0001827510094853,0.6947757507158584,0.0003652038546046,0.0
105,105,300511.0,5989434.75,18.16,0.0169030850945705,0.0226518834186071,0.027966211147894,0.0316431449407953,18.16,18.15590909090909,18.15078125,18.153532110091746,0.0199999999999995,0.0500000000000007,0.0800000000000018,0.0800000000000018,0.0040872519894037,0.0092174207384232,0.0064671829742337,0.00513001480328,0.9946940267456184,0.0001759584511014,0.0280396497773217,0.9998240415488986,8.819769372314098e-05,0.693994341569036,0.0001759584511014,0.0
106,106,300439.0,5989683.5,17.88,0.0075592894601843,0.0106922152630051,0.0123428162685037,0.0201952402192294,17.88,17.882045454545455,17.882395833333334,17.882339449541284,0.009999999999998,0.0199999999999995,0.0299999999999975,0.0399999999999991,0.002045402135991,0.0023957536577654,0.0023392855764541,0.0004445233478648,0.998933807491572,0.0006216691605632,0.0426632184497427,0.9993783308394368,0.0003108070511977,0.6957526624476899,0.0006216691605632,0.0
107,107,300472.5,5989441.75,18.23,0.0083452296039625,0.0118124884643727,0.0176943212708374,0.025051165610603,18.23125,18.24,18.24,18.23550458715596,0.0100000000000015,0.0100000000000015,0.0300000000000011,0.0800000000000018,0.0099988111469428,0.0099996407006983,0.0055043869797373,0.0011543881483846,0.998701500704592,0.0001441111470233,0.0262173073607408,0.9998558888529766,7.209198995138123e-05,0.6938567150634334,0.0001441111470233,0.0
108,108,300457.25,5989870.75,17.98,0.0088640526042791,0.0133955121701342,0.0183621907187843,0.0277858064252384,17.9725,17.967954545454546,17.968385416666667,17.967064220183488,0.0199999999999995,0.0300000000000011,0.0599999999999987,0.0899999999999998,0.012042428512359,0.0116130320093361,0.0129338505648775,0.0012874580852302,0.9985352216051916,0.0001773203095782,0.0280938200420254,0.9998226796904216,8.870939461413189e-05,0.6940018614041396,0.0001773203095782,0.0
109,109,300439.25,5989677.75,17.88,0.0074402380914286,0.0119636517861057,0.0167438222829269,0.023143409875113,17.88625,17.88681818181818,17.891145833333333,17.889311926605505,0.0,0.0199999999999995,0.0299999999999975,0.0399999999999991,0.0068165579650667,0.0111445605871267,0.0093110038410486,0.0008882275388724,0.9989675845017908,0.0001441879593368,0.0262208011965709,0.9998558120406632,7.212081003699368e-05,0.6938570380104376,0.0001441879593368,0.0
110,110,300510.25,5989476.25,18.18,0.0075592894601847,0.0095429373505725,0.0152222303165967,0.0200498561339553,18.185,18.182954545454542,18.18046875,18.17818807339449,0.009999999999998,0.0199999999999995,0.0300000000000011,0.0599999999999987,0.0029544204517151,0.0004687162290792,0.0018117955478373,0.0007108581818665,0.9989340915820604,0.000355050236073,0.0354030706683956,0.9996449497639268,0.0001775567060799,0.694735004243213,0.000355050236073,0.0
111,111,300522.75,5989409.5,18.24,0.007440238091428,0.0157326366587668,0.0175605875891065,0.0186251581023721,18.23625,18.223863636363635,18.209947916666668,18.208837209302324,0.0199999999999995,0.0599999999999987,0.0699999999999967,0.0699999999999967,0.0161319400649517,0.0300505950071965,0.0308729460266476,0.0005777070171032,0.998967263630584,0.0004550293523128,0.0384526368002124,0.9995449706476872,0.000227528632497,0.695125494261045,0.0004550293523128,0.0
112,112,300444.25,5989785.25,18.02,0.0051754916950684,0.0073997885804894,0.0178306460110889,0.0238253071320986,18.02625,18.026818181818182,18.030625,18.029587155963306,0.0,0.009999999999998,0.0199999999999995,0.0399999999999991,0.0068176805234543,0.010623481368384,0.0095860598685249,0.0002222345548679,0.9995001111172768,0.0002776543278552,0.0326157430739754,0.9997223456721448,0.0001388233171492,0.6944228346102701,0.0002776543278552,0.0
113,113,300444.5,5989591.75,18.03,0.0459813626840884,0.0590387230936128,0.0532706209202467,0.0496681817957922,18.03,18.02568181818182,18.014010416666668,18.018033980582523,0.0600000000000022,0.0800000000000018,0.0899999999999998,0.0899999999999998,0.0042901712004095,0.0159884832683019,0.0135836159934115,0.0378098495150173,0.96202556206086,0.0001645884241226,0.0275703669358537,0.9998354115758772,8.387292106734704e-05,0.6937745152457687,0.0001645884241226,0.0
114,114,300462.25,5989665.25,18.09,0.0064086994446175,0.0064495111832746,0.0094894483056109,0.0115467314085704,18.09125,18.09340909090909,18.09505208333333,18.097752293577983,0.0100000000000015,0.0100000000000015,0.0100000000000015,0.0199999999999995,0.0034089946057065,0.0050519419601187,0.0077521917119156,0.0005775531107828,0.9992337761240516,0.0001886707651654,0.0286773506943421,0.9998113292348346,9.435372883240314e-05,0.6940506008395261,0.0001886707651654,0.0
115,115,300439.0,5989743.25,17.83,0.0116496474502144,0.0076491511778803,0.0118121153455011,0.0151948051918785,17.822499999999998,17.822045454545453,17.814114583333332,17.809610091743117,0.0199999999999995,0.0199999999999995,0.0399999999999991,0.0599999999999987,0.0079542906678398,0.0158852953318273,0.0203896545826864,0.0023504358464602,0.9974726211041433,0.0001769430493966,0.0280788556262663,0.9998230569506036,8.856777540925268e-05,0.6940001534475814,0.0001769430493966,0.0
116,116,300482.25,5989575.0,17.94,0.0088640526042791,0.0123783723275688,0.0205484890295167,0.0350803599845946,17.9325,17.923409090909093,17.928645833333334,17.932477064220183,0.0199999999999995,0.0400000000000027,0.0600000000000022,0.0899999999999998,0.0165880219865357,0.0113523162872297,0.0075211558141745,0.0007111423353348,0.998534376342092,0.0007544813225732,0.0455065354755593,0.9992455186774268,0.0003772324868496,0.696236392256148,0.0007544813225732,0.0
117,117,300522.0,5989401.25,18.25,0.0368151754424334,0.0418443708783771,0.0322293739931916,0.0313626268438007,18.24125,18.225454545454543,18.20989583333333,18.209747706422014,0.0599999999999987,0.0899999999999998,0.1000000000000014,0.1000000000000014,0.0244734098669141,0.0400982522114645,0.0402484751975862,0.024500393476168,0.9753198599549476,0.0001797465688842,0.0283299695637929,0.9998202534311158,9.097962612348384e-05,0.6939447464919816,0.0001797465688842,0.0
118,118,300506.0,5989468.0,18.13,0.0053452248382474,0.0071823132540039,0.0097837381104365,0.0126399369422991,18.125,18.126363636363635,18.12578125,18.12495412844037,0.009999999999998,0.0199999999999995,0.0299999999999975,0.0399999999999991,0.0036361443417263,0.0042186605314782,0.0050457783945603,0.0004442864583798,0.9994669036194448,8.88099221754045e-05,0.0223084827406718,0.9999111900778246,4.441285495162282e-05,0.6936058879150926,8.88099221754045e-05,0.0
119,119,300465.0,5989445.5,18.15,0.0064086994446166,0.0104749777356504,0.0140861070515373,0.0207568997560539,18.15125,18.15136363636364,18.149270833333333,18.14738532110092,0.009999999999998,0.0199999999999995,0.0299999999999975,0.0499999999999971,0.0013635871000587,0.0007291257425094,0.0026144743460463,0.0003999866084504,0.999233639989733,0.0003663734018165,0.0357734396651106,0.9996336265981834,0.0001831897797062,0.6947797019139141,0.0003663734018165,0.0
120,120,300442.0,5989735.0,17.8,0.0141421356237313,0.0155518637184188,0.0171571851092361,0.021107878856626,17.805,17.81,17.811197916666668,17.811651376146788,0.0100000000000015,0.0100000000000015,0.0300000000000011,0.0300000000000011,0.0099958993960171,0.0111968683631857,0.0116505876576411,0.0032355236612565,0.9962787459550012,0.0004857303837422,0.0393154694725694,0.9995142696162578,0.0002431995661371,0.6952442813207069,0.0004857303837422,0.0
121,121,300455.25,5989867.5,17.89,0.0051754916950684,0.0108808655295568,0.0232657061926398,0.034141981370621,17.88625,17.884545454545453,17.894739583333333,17.898188073394497,0.0100000000000015,0.0300000000000011,0.0399999999999991,0.0500000000000007,0.0054535609961021,0.0047385440120706,0.0081861279177246,0.0003998800200038,0.9995001999400096,9.992003998643356e-05,0.0232021436321582,0.9999000799600136,4.996751412048533e-05,0.6936573771185839,9.992003998643356e-05,0.0
122,122,300484.0,5989597.75,18.19,0.0064086994446161,0.007947369157952,0.014326046282706,0.02148273636238,18.19125,18.187954545454545,18.1825,18.181009174311928,0.0100000000000015,0.0199999999999995,0.0400000000000027,0.0700000000000002,0.0020453716424526,0.0074995753184339,0.0089902045729104,0.0003555752577582,0.999233605941031,0.0004108188012108,0.0371640721802574,0.9995891811987891,0.0002054037269905,0.6949541595153921,0.0004108188012108,0.0
123,123,300431.5,5989763.0,17.91,0.0051754916950684,0.0106525959872937,0.0138119341307732,0.0215934241731329,17.90375,17.900681818181816,17.899427083333332,17.89717889908257,0.0100000000000015,0.0300000000000011,0.0500000000000007,0.0800000000000018,0.009317000673036,0.0105724078202911,0.0128202185733243,0.0003554804914217,0.9995001777402448,0.0001443417683332,0.0262277916626111,0.9998556582316668,7.217850400519646e-05,0.6938576311286412,0.0001443417683332,0.0
124,124,300479.25,5989631.0,18.1,0.003535533905932,0.0084876480330647,0.0163878566490478,0.0169757535932903,18.10125,18.104772727272728,18.10984375,18.109426605504588,0.0,0.0100000000000015,0.0300000000000011,0.0400000000000027,0.0047722632007207,0.0098431787628214,0.009426346332475,4.445086475154357e-05,0.9997666770385354,0.0001888720967131,0.0286849970957736,0.999811127903287,9.442922956373124e-05,0.6940512897137044,0.0001888720967131,0.0
125,125,300436.75,5989759.5,17.89,0.0091612538131287,0.016743305121295,0.021274752035477,0.0252482663797529,17.896250000000002,17.89818181818182,17.892552083333335,17.891353211009175,0.0,0.0300000000000011,0.0600000000000022,0.0600000000000022,0.008178430958651,0.0025516459281789,0.0013530528667615,0.0011546954008357,0.9984351423561284,0.0004101622430359,0.0371492181870141,0.999589837756964,0.0002051574947966,0.6949520884338708,0.0004101622430359,0.0
126,126,300419.25,5989770.75,17.86,0.0151185789203685,0.0281522213814532,0.0430054097846056,0.0437434836582514,17.865000000000002,17.88068181818182,17.91005291005291,17.92360103626943,0.009999999999998,0.0199999999999995,0.0300000000000011,0.0300000000000011,0.0206664661236573,0.0493903258029604,0.0592686535901521,0.0039411872849741,0.9957501490657498,0.000308663649276,0.0338077553490826,0.999691336350724,0.0001546126416756,0.6945493251142599,0.000308663649276,0.0
127,127,300494.25,5989580.0,17.97,0.0074402380914286,0.0103301729691685,0.0147310827606771,0.0178676045340527,17.97625,17.97840909090909,17.983020833333335,17.983623853211007,0.0,0.009999999999998,0.0199999999999995,0.0399999999999991,0.0084078421714366,0.0130200985986448,0.0136233098455704,0.0008882275388736,0.9989675845017896,0.0001441879593368,0.0262208011965709,0.9998558120406632,7.212081003699383e-05,0.6938570380104375,0.0001441879593368,0.0
128,128,300473.5,5989378.5,17.93,0.0051754916950666,0.0150123275629851,0.0192218125034099,0.0317313342043653,17.92625,17.915454545454544,17.91390625,17.9201376146789,0.009999999999998,0.0500000000000007,0.0700000000000002,0.0700000000000002,0.014542014861945,0.0160917911707656,0.0098607095424085,0.0003998800200038,0.9995001999400098,9.992003998636266e-05,0.0232021436321527,0.9999000799600136,4.996751412044988e-05,0.6936573771185836,9.992003998636266e-05,0.0
129,129,300453.5,5989896.0,18.11,0.0083452296039627,0.0086112910784651,0.0111505444814977,0.0121504158659483,18.11125,18.11340909090909,18.11114583333333,18.110642201834864,0.009999999999998,0.009999999999998,0.0300000000000011,0.0300000000000011,0.0034087396124959,0.0011457984801381,0.0006421921498258,0.0011543881483844,0.9987015007045924,0.0001441111470232,0.0262173073607375,0.9998558888529766,7.20919899513537e-05,0.6938567150634332,0.0001441111470232,0.0
130,130,300441.25,5989872.25,17.92,0.0053452248382474,0.0084876480330646,0.0126741791353095,0.0176686522335303,17.925,17.930227272727272,17.9328125,17.935481651376147,0.0,0.0,0.0100000000000015,0.0300000000000011,0.0102266255926224,0.0128117784433925,0.0154807272065227,0.0004442864583798,0.9994669036194448,8.880992217540442e-05,0.0223084827406718,0.9999111900778246,4.4412854951622784e-05,0.6936058879150926,8.880992217540442e-05,0.0
131,131,300478.25,5989716.25,18.18,0.0103509833901348,0.0173311851544651,0.0199538625775227,0.0215390510034025,18.1825,18.177045454545453,18.17364583333333,18.17827981651376,0.009999999999998,0.0300000000000011,0.0500000000000007,0.0500000000000007,0.0029532764456234,0.0063533405336784,0.0017200965885422,0.0012881434482729,0.9980025762868971,0.0007092802648297,0.0445842790597486,0.9992907197351704,0.0003547428061899,0.6960738823955415,0.0007092802648297,0.0
132,132,300477.5,5989663.5,18.14,0.0070710678118656,0.0110232312824765,0.022650504966074,0.0375941785505138,18.1375,18.1275,18.12020833333333,18.121857798165134,0.0100000000000015,0.0399999999999991,0.0700000000000002,0.120000000000001,0.0124992637374816,0.0197878882463555,0.0181371401413343,0.0007107635144625,0.9990673300459472,0.0002219064395901,0.0302712166460989,0.9997780935604098,0.0001109803465588,0.6941917703550914,0.0002219064395901,0.0
133,133,300461.75,5989644.25,18.08,0.0046291004988618,0.0053769140846759,0.0075536186905918,0.0091570247336105,18.0775,18.07613636363636,18.077604166666667,18.08174311926605,0.009999999999998,0.0199999999999995,0.0199999999999995,0.0199999999999995,0.0038635705604974,0.0023958094534464,0.0017431066771678,4.441780276920326e-16,0.9995999999999996,0.0003999999999998,0.0368329483967196,0.9996000000000002,0.0001999600079983,0.6949116568655218,0.0003999999999998,0.0
134,134,300440.5,5989845.5,17.98,0.003535533905932,0.0070185498704001,0.0154695804354275,0.0243217821682828,17.98125,17.981363636363636,17.97796875,17.977018348623854,0.0,0.0100000000000015,0.0399999999999991,0.0500000000000007,0.0013635967770824,0.0020310787112975,0.002981322293408,8.889382629287138e-05,0.99976668740856,0.000144418765147,0.026231288293553,0.999855581234853,7.220737791842626e-05,0.693857901271674,0.000144418765147,0.0
135,135,300444.75,5989706.25,17.88,0.0083452296039627,0.0059017681085933,0.0093762724558211,0.0147836162525011,17.888749999999998,17.889772727272728,17.886458333333334,17.88889908256881,0.0,0.0,0.0199999999999995,0.0299999999999975,0.0097726949006755,0.0064581920742057,0.0088988289789995,0.0011100871313234,0.9987014431132708,0.0001884697554057,0.0286697083683315,0.9998115302445942,9.427832197274956e-05,0.6940498417019253,0.0001884697554057,0.0
136,136,300488.25,5989680.0,18.1,0.0051754916950684,0.0104522471965973,0.0114040435913409,0.0136767508517931,18.09625,18.100227272727277,18.10564705882353,18.106242424242424,0.0100000000000015,0.0200000000000031,0.0200000000000031,0.0200000000000031,0.0002272576384712,0.0063797452894505,0.0087456952278444,0.0003554804914214,0.9995001777402452,0.0001443417683332,0.0262277916626111,0.9998556582316668,7.217850400519638e-05,0.6938576311286411,0.0001443417683332,0.0
137,137,300465.75,5989743.25,17.92,0.0051754916950666,0.007014783543394,0.011085180074202,0.0117908233709547,17.923750000000002,17.927954545454547,17.92890625,17.928256880733944,0.0,0.0100000000000015,0.0200000000000031,0.0300000000000011,0.0079543553001713,0.0089061358876278,0.0082568171974344,0.0003554804914214,0.9995001777402454,0.0001443417683331,0.0262277916626049,0.9998556582316668,7.217850400514518e-05,0.6938576311286406,0.0001443417683331,0.0
138,138,300479.5,5989474.75,18.07,0.0070710678118649,0.0077759318592095,0.0108410497421304,0.0176717554783085,18.0725,18.08,18.078645833333333,18.078600917431192,0.0100000000000015,0.0100000000000015,0.0199999999999995,0.0500000000000007,0.0099999068770557,0.0086457357028848,0.0086005852544985,0.0002223308821692,0.99906687417549,0.0007107949423406,0.0446080462505581,0.9992892050576594,0.0003553106929184,0.6960782008993258,0.0007107949423406,0.0
139,139,300492.75,5989653.5,18.04,0.0119522860933441,0.016433517087677,0.0181244953111042,0.0230362260948226,18.035,18.0140625,18.001478260869565,17.999458333333333,0.0199999999999995,0.0500000000000007,0.0700000000000002,0.0999999999999978,0.0181982724097906,0.0224745933592203,0.0237355762728839,0.0023507478629424,0.9973396019943008,0.0003096501427568,0.0338347655397777,0.999690349857243,0.0001549832393466,0.694553576299165,0.0003096501427568,0.0
140,140,300437.75,5989692.5,17.84,0.0074402380914286,0.0092418754674826,0.0089609330007726,0.013189059149163,17.84625,17.842727272727274,17.84557291666667,17.84912844036697,0.0,0.0199999999999995,0.0199999999999995,0.0300000000000011,0.0027270517603028,0.0055728743104737,0.0091283274468878,0.0008882275388734,0.9989675845017896,0.0001441879593368,0.0262208011965709,0.9998558120406632,7.212081003699375e-05,0.6938570380104376,0.0001441879593368,0.0
141,141,300484.75,5989434.75,18.18,0.0180772153354915,0.0250073984824164,0.0385807046059076,0.0452242470512665,18.17125,18.175454545454546,18.17739583333333,18.17839449541284,0.0300000000000011,0.0399999999999991,0.0700000000000002,0.0899999999999998,0.0045402553514577,0.0026023792743217,0.0016048260440584,0.0044759757477712,0.9939273034520602,0.0015967208001686,0.0584371803997597,0.9984032791998314,0.0007995113986594,0.6990914030092915,0.0015967208001686,0.0
142,142,300469.0,5989643.75,18.16,0.0070710678118665,0.0147763453042252,0.0229917657314207,0.0254916850056835,18.1625,18.16659090909091,18.164583333333333,18.15637614678899,0.0100000000000015,0.0199999999999995,0.0500000000000007,0.0500000000000007,0.0065885514268302,0.0045823536165698,0.0036235193183529,0.0007551191631145,0.9990673714445514,0.000177509392334,0.0281013082328859,0.999822490607666,8.878033636189328e-05,0.6940026102122101,0.000177509392334,0.0
143,143,300484.5,5989619.5,18.19,0.0088640526042788,0.010773469881006,0.0152466630114356,0.0212627318242845,18.1975,18.200454545454544,18.21,18.22426605504587,0.0,0.0100000000000015,0.0199999999999995,0.0199999999999995,0.0104526389914099,0.0199993022033595,0.0342647086945362,0.0012874580852295,0.9985352216051924,0.0001773203095783,0.0280938200420287,0.9998226796904216,8.87093946141634e-05,0.6940018614041398,0.0001773203095783,0.0
144,144,300404.75,5989870.5,17.68,0.0151185789203697,0.0098401601939556,0.0122684492950653,0.0214190998947965,17.67,17.670909090909092,17.67590425531915,17.68421195652174,0.0300000000000011,0.0300000000000011,0.0399999999999991,0.0399999999999991,0.0090908099446096,0.0043801604624604,0.0011880773272423,0.0036334551210576,0.9957488360751842,0.0006177088037581,0.0425951026140088,0.999382291196242,0.0003093208184386,0.6957400551618309,0.0006177088037581,0.0
145,145,300436.0,5989693.25,17.85,0.0075592894601843,0.0079207224135055,0.0141035190489363,0.0184537235681442,17.85,17.844772727272726,17.845208333333332,17.840779816513763,0.0100000000000015,0.0200000000000031,0.0600000000000022,0.0899999999999998,0.0052270309824962,0.004791619561729,0.0092201391416892,0.0008882570991292,0.9989342808075724,0.0001774620932981,0.0280994358109587,0.9998225379067016,8.876259265288094e-05,0.694002429592976,0.0001774620932981,0.0
146,146,300451.75,5989680.5,18.06,0.0046291004988634,0.0116139451062174,0.0204230988550021,0.0265501282746308,18.0625,18.07,18.06833333333333,18.071032110091743,0.0,0.009999999999998,0.0299999999999975,0.0399999999999991,0.009998976092902,0.008331937060575,0.0110307254726649,4.4458275205261575e-05,0.9996000177833098,0.0003555239414849,0.0354148693322242,0.999644476058515,0.000177734327219,0.6947364779321674,0.0003555239414849,0.0
147,147,300449.25,5989696.25,18.01,0.0103509833901357,0.0163002354099142,0.0245979893898757,0.0329277871230555,18.0075,18.0025,17.997083333333332,17.99669724770642,0.0200000000000031,0.0400000000000027,0.0700000000000002,0.0800000000000018,0.0074971197864215,0.0129140110159369,0.0133001709355085,0.0015980812809176,0.9980031961625616,0.0003987225565208,0.0368035114749298,0.9996012774434792,0.0001994809028409,0.6949075880701875,0.0003987225565208,0.0
148,148,300440.75,5989749.0,17.85,0.0150594061730772,0.0116048396990117,0.0111138013031836,0.0156033021864812,17.84625,17.840454545454545,17.840208333333333,17.84229357798165,0.0300000000000011,0.0300000000000011,0.0400000000000027,0.0400000000000027,0.0095448472729913,0.0097914987200056,0.0077061800984665,0.0037652622812524,0.9957826062769904,0.0004521314417571,0.0383912425325356,0.9995478685582428,0.0002264408349353,0.6951153844993329,0.0004521314417571,0.0
149,149,300439.5,5989899.5,18.01,0.0053452248382483,0.0080563554154022,0.0097452010805001,0.0118756692564218,18.01,18.010454545454547,18.01080745341615,18.01139751552795,0.0100000000000015,0.0200000000000031,0.0200000000000031,0.0200000000000031,0.0004545374285953,0.0016533674643142,0.0036635797514463,0.0001778093770918,0.9994667614983352,0.0003554291245731,0.0354125089703611,0.9996445708754268,0.0001776987808802,0.694736191918308,0.0003554291245731,0.0
150,150,300444.75,5989634.25,17.92,0.0075592894601843,0.0121020152778107,0.0254881979155902,0.0352619339526402,17.92,17.920227272727274,17.92578125,17.928715596330274,0.0100000000000015,0.0200000000000031,0.0400000000000027,0.0500000000000007,0.0002272175697726,0.0057794876879597,0.0087132673475025,0.0007995733903741,0.998934186211616,0.0002662403980098,0.0321658243805176,0.9997337596019902,0.0001331557071707,0.694376231314021,0.0002662403980098,0.0
151,151,300466.25,5989535.0,18.11,0.0074402380914286,0.0092504499633429,0.0105414860230506,0.0111027526647767,18.11625,18.11568181818182,18.112135416666668,18.11243119266055,0.0,0.009999999999998,0.0300000000000011,0.0300000000000011,0.0056816219876054,0.0021354062700993,0.0024311909228345,0.0003556700746172,0.9989670341924108,0.0006772957329719,0.0438976682426469,0.999322704267028,0.0003385934163207,0.6959566077402005,0.0006772957329719,0.0
152,152,300453.25,5989618.75,18.11,0.0051754916950666,0.0073135745086118,0.0155293977536114,0.0174736058319339,18.10625,18.105,18.10848958333333,18.105435779816517,0.009999999999998,0.0199999999999995,0.0500000000000007,0.0599999999999987,0.0049999387520074,0.001510388974566,0.0045642067289008,0.0003998800200038,0.9995001999400098,9.992003998636266e-05,0.0232021436321527,0.9999000799600136,4.996751412044988e-05,0.6936573771185836,9.992003998636266e-05,0.0
153,153,300504.25,5989433.0,18.09,0.0053452248382493,0.0063170295692905,0.0152176616183597,0.0214163051217037,18.09,18.092045454545456,18.0940625,18.097866972477064,0.0100000000000015,0.0100000000000015,0.0300000000000011,0.0300000000000011,0.0020454007317312,0.0040621774242026,0.007866467902204,0.0002222419616964,0.9994667851957132,0.0003109728425901,0.0338708463348093,0.9996890271574098,0.0001554795233775,0.6945582710271794,0.0003109728425901,0.0
154,154,300439.5,5989637.75,17.85,0.0051754916950684,0.0077623256688044,0.0085995860121956,0.0131247592788118,17.84625,17.850454545454546,17.850625,17.850619266055045,0.0100000000000015,0.0100000000000015,0.0200000000000031,0.0300000000000011,0.0004545247429632,0.0006249949351513,0.0006192513046698,0.0003554804914217,0.9995001777402448,0.0001443417683332,0.0262277916626111,0.9998556582316668,7.217850400519641e-05,0.6938576311286412,0.0001443417683332,0.0
155,155,300470.5,5989389.5,18.02,0.0103509833901348,0.0066472585711428,0.0089454167116817,0.0142192534477311,18.0225,18.025,18.025851063829787,18.024227642276426,0.009999999999998,0.009999999999998,0.0199999999999995,0.0300000000000011,0.0049999804687104,0.0058571635054249,0.0044095503399148,0.0014210210821566,0.9980028420421644,0.0005761368756788,0.0416028297522912,0.9994238631243212,0.0002881901815058,0.6955846129424185,0.0005761368756788,0.0
156,156,300470.0,5989767.5,18.0,0.0070710678118665,0.0094539050848354,0.0185842734092591,0.0218500420660827,18.0025,18.006136363636365,17.997083333333332,17.994288990825687,0.0100000000000015,0.0100000000000015,0.0500000000000007,0.0500000000000007,0.00613594007973,0.0029163893923396,0.0057106176791421,0.0007551191631145,0.9990673714445514,0.000177509392334,0.0281013082328858,0.999822490607666,8.87803363618932e-05,0.6940026102122101,0.000177509392334,0.0
157,157,300471.25,5989438.0,18.27,0.0092582009977253,0.0194805698177147,0.0187919832476635,0.0220798737936292,18.265,18.251363636363635,18.242552083333333,18.231100917431192,0.0199999999999995,0.0500000000000007,0.0599999999999987,0.1099999999999994,0.0186272705032024,0.0274463149107759,0.0388988906033773,0.0015089648254056,0.998402414343721,8.862083087327491e-05,0.0222965943938928,0.9999113791691266,4.434190581645372e-05,0.6936049656332691,8.862083087327491e-05,0.0
158,158,300424.75,5989847.25,17.83,0.0051754916950666,0.0086510945915608,0.0134361491772029,0.0168659445768844,17.82375,17.826363636363634,17.8271875,17.831766055045872,0.009999999999998,0.009999999999998,0.0299999999999975,0.0399999999999991,0.0036360977564982,0.0028123211704951,0.0017659727054706,0.0003998800200034,0.9995001999400102,9.992003998636264e-05,0.0232021436321527,0.9999000799600136,4.996751412044986e-05,0.6936573771185834,9.992003998636264e-05,0.0
159,159,300437.25,5989749.25,17.81,0.0116496474502144,0.0133797202257464,0.0149515651996616,0.0153379450125382,17.8125,17.824772727272727,17.829270833333332,17.82922018348624,0.0199999999999995,0.0199999999999995,0.0199999999999995,0.0199999999999995,0.0147709156444761,0.0192694076904445,0.0192195219060522,0.0007563276735651,0.9974685826967736,0.0017750896296612,0.0604940606176229,0.9982249103703388,0.0008870929465578,0.6996530220652806,0.0017750896296612,0.0
160,160,300469.5,5989408.25,18.16,0.0140788595317344,0.0146992398877278,0.0156477365117347,0.0172900399475466,18.15375,18.155454545454543,18.157083333333333,18.154633027522937,0.0300000000000011,0.0300000000000011,0.0300000000000011,0.0500000000000007,0.0045442953123711,0.0029163827275624,0.0053666989406337,0.0030151472153301,0.9963111560446964,0.0006736967399734,0.0438392460992884,0.9993263032600266,0.0003372431890994,0.6959456285057337,0.0006736967399734,0.0
161,161,300470.5,5989562.0,18.07,0.0124642345475816,0.0331152130621591,0.0719647411910484,0.0920703868354299,18.06875,18.06681818181818,18.051302083333333,18.03401376146789,0.0199999999999995,0.0800000000000018,0.1900000000000012,0.240000000000002,0.0031754006340634,0.0186531476065283,0.0359238609380554,0.0025719744150799,0.997107458725804,0.000320566859116,0.0342288700751559,0.999679433140884,0.0001604640645617,0.6945976228784267,0.000320566859116,0.0
162,162,300513.75,5989421.25,18.2,0.0083452296039627,0.0107439938479826,0.0133481865348677,0.0152546661792521,18.20125,18.19909090909091,18.1990625,18.198853211009176,0.009999999999998,0.0199999999999995,0.0299999999999975,0.0299999999999975,0.000908983820409,0.0009374591463711,0.0011467586082289,0.0011100871313233,0.9987014431132708,0.0001884697554057,0.0286697083683315,0.9998115302445942,9.42783219727495e-05,0.6940498417019253,0.0001884697554057,0.0
163,163,300425.75,5989828.25,17.89,0.0064086994446161,0.0087603759078318,0.0130940849654351,0.0161383576807647,17.89875,17.905,17.903854166666665,17.900114678899083,0.0,0.0,0.0100000000000015,0.0300000000000011,0.014999742663349,0.0138539389226934,0.0101144683067104,0.0005775531107828,0.9992337761240516,0.0001886707651653,0.028677350694338,0.9998113292348346,9.435372883236362e-05,0.6940506008395257,0.0001886707651653,0.0
164,164,300480.0,5989429.5,18.27,0.0166904592079259,0.0136088517394361,0.0250827600486458,0.031449867543633,18.2425,18.23090909090909,18.23208333333333,18.22600917431193,0.0399999999999991,0.0599999999999987,0.0999999999999978,0.1099999999999994,0.0390861689666053,0.0379069182672537,0.043983934156131,0.0014255725601701,0.9948074129773128,0.003767014462517,0.0776702029449326,0.996232985537483,0.001881304748374,0.705529112560178,0.003767014462517,0.0
165,165,300459.25,5989606.75,18.1,0.0053452248382474,0.0062200657359048,0.0099716001611134,0.0134314708013606,18.105,18.10409090909091,18.10645833333333,18.10401376146789,0.0,0.0100000000000015,0.0100000000000015,0.0200000000000031,0.0040907362636062,0.0064581564197396,0.0040136601091944,0.0004442864583798,0.9994669036194448,8.880992217540448e-05,0.0223084827406718,0.9999111900778246,4.441285495162281e-05,0.6936058879150926,8.880992217540448e-05,0.0
166,166,300479.25,5989417.25,18.13,0.0070710678118649,0.0073388249026236,0.013490733520641,0.0174806803467248,18.1275,18.127954545454543,18.126510416666665,18.132477064220183,0.009999999999998,0.0199999999999995,0.0399999999999991,0.0500000000000007,0.0020453478718991,0.0034894777636509,0.0024770116592662,0.0007107635144625,0.9990673300459472,0.0002219064395902,0.0302712166461018,0.9997780935604098,0.0001109803465588,0.6941917703550916,0.0002219064395902,0.0
167,167,300483.25,5989716.25,18.19,0.0145773797371127,0.0150123275629844,0.0232394359706379,0.0302193349336679,18.20125,18.205454545454547,18.197388888888888,18.182698863636364,0.0100000000000015,0.0100000000000015,0.0400000000000027,0.0899999999999998,0.0154514506502891,0.005674049432855,0.0118592539147357,0.0036323726438846,0.9960477417448216,0.0003198856112939,0.0342106508126548,0.999680114388706,0.0001602081493556,0.6945947379286548,0.0003198856112939,0.0
168,168,300468.5,5989512.5,18.13,0.0051754916950666,0.0075377836144441,0.0092096011817394,0.0131652112838042,18.12375,18.11386363636364,18.1075,18.109036697247703,0.009999999999998,0.0299999999999975,0.0399999999999991,0.0500000000000007,0.0161363510296723,0.0224997440072911,0.0209627359727164,0.0001778034503117,0.999500088901725,0.000322107647963,0.0342699344531482,0.9996778923520367,0.0001610422044484,0.6946030973998376,0.000322107647963,0.0
169,169,300412.0,5989846.25,17.72,0.0053452248382483,0.0042141410988292,0.0119333838489865,0.0170767075496433,17.72,17.71909090909091,17.718385416666667,17.717270642201836,0.009999999999998,0.009999999999998,0.0399999999999991,0.0499999999999971,0.0009090900002775,0.0016145117624546,0.0027292300619592,0.000222241961697,0.999466785195713,0.00031097284259,0.0338708463348047,0.99968902715741,0.0001554795233774,0.6945582710271788,0.00031097284259,0.0
170,170,300426.75,5989848.75,17.85,0.003535533905932,0.0087483009525291,0.0145072497973987,0.0198355970960948,17.85125,17.855454545454545,17.851770833333333,17.850894495412845,0.0,0.0100000000000015,0.0400000000000027,0.0500000000000007,0.0054539864504477,0.0017707051440538,0.000894431573954,8.889382629320446e-05,0.9997666874085598,0.000144418765147,0.026231288293553,0.999855581234853,7.22073779184263e-05,0.693857901271674,0.000144418765147,0.0
171,171,300515.25,5989385.0,18.02,0.0092582009977253,0.0180204253386784,0.0371555956127784,0.0435400874774866,18.02,18.02090909090909,18.03421875,18.043600917431192,0.009999999999998,0.0300000000000011,0.0399999999999991,0.0399999999999991,0.0009085424007935,0.0142099932127166,0.0235926039313199,0.001597444089457,0.9984025559105428,1.1724607852528711e-28,2.447851270516784e-10,1.0,5.866990020529955e-29,0.6931468610712974,1.1724607852528711e-28,0.0
172,172,300442.75,5989866.5,17.97,0.0046291004988618,0.012199885626608,0.0182466616995069,0.021549439929568,17.9675,17.97,17.963958333333334,17.96178899082569,0.009999999999998,0.0299999999999975,0.0399999999999991,0.0599999999999987,0.0,0.0060409614889067,0.0082103613458457,0.0,0.9996000000000002,0.0003999999999998,0.0368329483967196,0.9996000000000002,0.0001999600079983,0.6949116568655217,0.0003999999999998,0.0
173,173,300431.0,5989873.75,17.87,0.0053452248382483,0.005322575478577,0.0066832799108285,0.0109439292616141,17.87,17.873636363636365,17.8734375,17.874977064220182,0.0100000000000015,0.0100000000000015,0.0199999999999995,0.0300000000000011,0.0036363472718221,0.0034374826009297,0.0049769862489483,0.0002222419616976,0.9994667851957122,0.00031097284259,0.0338708463348059,0.99968902715741,0.0001554795233775,0.6945582710271789,0.00031097284259,0.0
174,174,300423.0,5989773.25,17.98,0.0241646140343394,0.0361660195835241,0.0356618655125114,0.034461280878471,17.98125,17.971136363636365,17.95796875,17.96224770642202,0.0300000000000011,0.0700000000000002,0.1000000000000014,0.1099999999999994,0.0088450852781534,0.0220309901860673,0.0177519680974,0.0105995589743362,0.98921553519282,0.0001849058328436,0.0285328397023949,0.9998150941671564,9.293686904944762e-05,0.6940242893514921,0.0001849058328436,0.0
175,175,300512.25,5989404.75,18.12,0.0051754916950666,0.0073099601893848,0.012395725632717,0.0164900054091231,18.12375,18.125227272727276,18.119479166666668,18.11518348623853,0.0,0.0,0.0300000000000011,0.0400000000000027,0.0052270969681558,0.0005208311904425,0.0048164449181058,0.0003998800200038,0.9995001999400098,9.992003998636266e-05,0.0232021436321527,0.9999000799600136,4.996751412044988e-05,0.6936573771185836,9.992003998636266e-05,0.0
176,176,300476.0,5989600.25,18.14,0.0106066017177977,0.0112322210936963,0.0130377355393116,0.0167913767206079,18.13625,18.1425,18.15083333333333,18.15465596330275,0.0199999999999995,0.0199999999999995,0.0199999999999995,0.0199999999999995,0.0024997884638651,0.0108330837142602,0.0146554115453909,0.0015097174738846,0.997903170406695,0.0005871121194204,0.0418657318781886,0.9994128878805796,0.000293691540404,0.6956255598309656,0.0005871121194204,0.0
177,177,300471.75,5989419.5,18.14,0.0051754916950666,0.0172823218039264,0.0164201888036968,0.0151030067198337,18.14625,18.151136363636365,18.152395833333333,18.15201834862385,0.0,0.0199999999999995,0.0199999999999995,0.0300000000000011,0.0111303739831782,0.0123947947286069,0.0120180333397001,0.0001778034503114,0.9995000889017254,0.000322107647963,0.0342699344531482,0.9996778923520367,0.0001610422044484,0.6946030973998376,0.000322107647963,0.0
178,178,300458.25,5989690.0,18.14,0.0053452248382483,0.013379720225746,0.013233290692341,0.0166265308150242,18.14,18.145227272727272,18.151354166666668,18.142270642201836,0.0100000000000015,0.0300000000000011,0.0300000000000011,0.0399999999999991,0.0052269589577917,0.0113540716120041,0.0022706390718667,0.0001778093770921,0.9994667614983348,0.0003554291245731,0.0354125089703611,0.9996445708754268,0.0001776987808802,0.6947361919183079,0.0003554291245731,0.0
179,179,300493.75,5989459.0,18.01,0.0035355339059332,0.0110996828707343,0.0176979424909189,0.0213627275613903,17.99875,17.995227272727274,17.991197916666668,17.997614678899083,0.0200000000000031,0.0400000000000027,0.0899999999999998,0.0899999999999998,0.0147725490787706,0.0188020176810823,0.0123852684346275,8.889382629331549e-05,0.9997666874085596,0.0001444187651471,0.0262312882935592,0.9998555812348529,7.220737791847757e-05,0.6938579012716745,0.0001444187651471,0.0
180,180,300418.5,5989864.25,17.78,0.0074402380914286,0.0129154020840873,0.0159186413164329,0.0179693577277116,17.77625,17.77227272727273,17.7725,17.77146788990826,0.0100000000000015,0.0300000000000011,0.0400000000000027,0.0500000000000007,0.0077251013135537,0.0074991937435697,0.0085316202093963,0.0005777070171032,0.998967263630584,0.0004550293523129,0.0384526368002144,0.9995449706476872,0.0002275286324971,0.6951254942610453,0.0004550293523129,0.0
181,181,300473.5,5989422.5,18.15,0.0091612538131289,0.0076214618519745,0.0091345323635575,0.0100115666523976,18.15375,18.15477272727273,18.155572916666667,18.157912844036694,0.009999999999998,0.009999999999998,0.009999999999998,0.009999999999998,0.0047724455580464,0.005572900035986,0.0079128108664008,0.0011103826319304,0.9984350729327904,0.000454544435279,0.0384423907897739,0.999545455564721,0.000227346768987,0.695123982252013,0.000454544435279,0.0
182,182,300499.25,5989559.0,17.84,0.0075592894601857,0.0087119756705684,0.0189607843668068,0.0275036354522788,17.84,17.845909090909092,17.848333333333333,17.851215596330274,0.0100000000000015,0.0100000000000015,0.0399999999999991,0.0599999999999987,0.0059088307461934,0.0083321137863094,0.011213872799999,0.0007552197249008,0.9989341389010392,0.00031064137406,0.0338618189237393,0.99968935862594,0.0001553552208139,0.6945572019849755,0.00031064137406,0.0
183,183,300466.5,5989530.5,18.11,0.0118773493916544,0.008844439014427,0.0117102154058608,0.0121900137705867,18.10625,18.11090909090909,18.106041666666663,18.10344036697248,0.0199999999999995,0.0199999999999995,0.0399999999999991,0.0399999999999991,0.0009090544081118,0.0039582918434462,0.0065595760279393,0.0022182027876652,0.9973725079340082,0.0004092892783265,0.0371294313233529,0.9995907107216734,0.0002048298989489,0.6949490839853102,0.0004092892783265,0.0
184,184,300488.5,5989485.0,17.94,0.0168501801601212,0.0214879876959655,0.0205357454499882,0.0227634725558467,17.95625,17.96181818181818,17.966145833333332,17.972706422018348,0.0,0.0100000000000015,0.0300000000000011,0.0300000000000011,0.0218004781636409,0.0261424796117353,0.0327045169906341,0.0042968178697958,0.99472277313471,0.0009804089954941,0.0496824661430876,0.999019591004506,0.0004910187071459,0.6970364992633405,0.0009804089954941,0.0
185,185,300462.0,5989827.5,18.04,0.0051754916950666,0.0119083000883271,0.0267404119105305,0.0523732256133946,18.03625,18.030227272727277,18.028697916666665,18.03018348623853,0.009999999999998,0.0299999999999975,0.0599999999999987,0.1199999999999974,0.0097718646429711,0.011299036181299,0.0098116790468338,4.446272266309066e-05,0.9995000222313616,0.0004555150459753,0.0384628882738199,0.9995444849540248,0.0002277107224769,0.6951269368307568,0.0004555150459753,0.0
186,186,300476.75,5989624.0,18.22,0.0150594061730766,0.0256830576512433,0.0362591009818768,0.042641079091267,18.22625,18.21909090909091,18.214322916666667,18.21337155963303,0.0199999999999995,0.0499999999999971,0.0599999999999987,0.0799999999999983,0.000908023559532,0.0056738926832622,0.0066261074316571,0.0036333348140738,0.9957820477840464,0.0005846174018796,0.0418211694213899,0.9994153825981203,0.0002927549645187,0.6956172202266888,0.0005846174018796,0.0
187,187,300429.75,5989713.5,17.74,0.0091612538131288,0.0113748359187106,0.0192519349223603,0.0324140668284003,17.73375,17.72909090909091,17.729791666666667,17.727064220183486,0.0199999999999995,0.0299999999999975,0.0599999999999987,0.1099999999999994,0.0109072572813602,0.0102068879059515,0.0129332777287345,0.0014204069663401,0.9984355586375808,0.0001440343960789,0.0262138144558673,0.9998559656039212,7.206318777756355e-05,0.6938563745432511,0.0001440343960789,0.0
188,188,300409.75,5989828.0,17.71,0.0074402380914285,0.0088013003578564,0.0114491806756989,0.0139377705025804,17.70625,17.704102564102563,17.70598484848485,17.708436363636363,0.0199999999999995,0.0199999999999995,0.0199999999999995,0.0199999999999995,0.0064199824337265,0.0068028351161046,0.0033141380481538,0.0005777070171032,0.998967263630584,0.0004550293523128,0.0384526368002131,0.9995449706476872,0.000227528632497,0.6951254942610451,0.0004550293523128,0.0
189,189,300427.25,5989851.75,17.83,0.0035355339059332,0.0081054101943462,0.0150377651415946,0.0166739834197897,17.83875,17.8425,17.848958333333332,17.851559633027524,0.0,0.0,0.0,0.0199999999999995,0.0124990997064742,0.0189568506575597,0.0215586473459552,4.445086475187665e-05,0.9997666770385348,0.0001888720967132,0.0286849970957804,0.9998111279032867,9.442922956379836e-05,0.694051289713705,0.0001888720967132,0.0
190,190,300454.0,5989701.25,18.09,0.0075592894601857,0.0129399327844128,0.0180059617817508,0.0264536466935888,18.085,18.08,18.081875,18.081651376146787,0.0100000000000015,0.0399999999999991,0.0399999999999991,0.0799999999999983,0.009997767934692,0.0081241741136182,0.0083476136096578,0.0007995733903745,0.9989341862116156,0.0002662403980099,0.0321658243805214,0.99973375960199,0.0001331557071708,0.6943762313140216,0.0002662403980099,0.0
191,191,300437.0,5989750.25,17.84,0.0064086994446175,0.0118905331256718,0.0145492933564757,0.0172869749310638,17.84125,17.83568181818182,17.834062499999998,17.83185779816514,0.0100000000000015,0.0500000000000007,0.0500000000000007,0.0500000000000007,0.0043178784981137,0.0059371312672737,0.0081418034824309,0.0005775531107822,0.9992337761240522,0.0001886707651654,0.0286773506943421,0.9998113292348346,9.435372883240314e-05,0.694050600839526,0.0001886707651654,0.0
192,192,300509.75,5989516.75,18.45,0.0092582009977253,0.0169986319558984,0.0319114971953803,0.0391769322037511,18.445,18.4375,18.447843137254903,18.4432119205298,0.0199999999999995,0.0500000000000007,0.0700000000000002,0.0799999999999983,0.0124974937207298,0.0014008314319653,0.000281556189293,0.0012876293576984,0.998402060206972,0.0003103104353297,0.0338527963234387,0.9996896895646704,0.0001552310727972,0.6945560631084723,0.0003103104353297,0.0
193,193,300516.75,5989386.0,18.1,0.0116496474502145,0.0170110646742958,0.0292633805405866,0.0453086652307955,18.0975,18.09113636363636,18.08348958333333,18.087087155963303,0.0200000000000031,0.0600000000000022,0.0899999999999998,0.1100000000000029,0.0088603586482349,0.0165056052792351,0.0129081141712958,0.0023504358464602,0.9974726211041433,0.0001769430493965,0.0280788556262654,0.9998230569506036,8.856777540924481e-05,0.6940001534475813,0.0001769430493965,0.0
194,194,300519.75,5989434.5,18.17,0.0046291004988634,0.0092418754674826,0.0153364499545264,0.0182309945781216,18.1675,18.167272727272728,18.167135416666667,18.167040572792363,0.0100000000000015,0.0200000000000031,0.0300000000000011,0.0400000000000027,0.0027270190403214,0.0028643309801736,0.0017201492782987,0.00022221233734,0.9996000888849348,0.0001776987777251,0.0281088004166445,0.9998223012222748,8.885136640787162e-05,0.6940032887570752,0.0001776987777251,0.0
195,195,300418.5,5989839.5,17.79,0.0064086994446166,0.010206638804577,0.0218474801962362,0.0280986177773117,17.791249999999998,17.790681818181817,17.792083333333334,17.79139908256881,0.009999999999998,0.0199999999999995,0.0399999999999991,0.0500000000000007,0.0006817279866595,0.0020828902142966,0.0013988615573907,0.000399986608451,0.9992336399897324,0.0003663734018165,0.0357734396651106,0.9996336265981834,0.0001831897797062,0.6947797019139141,0.0003663734018165,0.0
196,196,300486.0,5989384.5,18.02,0.0051754916950684,0.0112885468347604,0.0212007951009977,0.0266262875769363,18.02375,18.02431818181818,18.014114583333335,18.01224770642202,0.0,0.0199999999999995,0.0599999999999987,0.0700000000000002,0.0043171775032533,0.0058843941515078,0.00775130862894,0.0003998800200038,0.9995001999400096,9.992003998643356e-05,0.0232021436321582,0.9999000799600136,4.996751412048533e-05,0.6936573771185839,9.992003998643356e-05,0.0
197,197,300437.0,5989785.0,17.98,0.0119522860933432,0.0112885468347603,0.0108926170218471,0.0135789100235242,17.975,17.97431818181818,17.971822916666667,17.97454128440367,0.0199999999999995,0.0199999999999995,0.0300000000000011,0.0399999999999991,0.0056808544723025,0.008176893898053,0.0054586441146966,0.0022182764326756,0.9973392487371534,0.0004424748301709,0.0381063329744751,0.999557525169829,0.000221434026535,0.6950779401489955,0.0004424748301709,0.0
198,198,300449.75,5989790.25,18.07,0.0138873014965888,0.0114558625371181,0.0132616967371841,0.0144720437608825,18.0775,18.07613636363636,18.074791666666663,18.07770642201835,0.0100000000000015,0.0199999999999995,0.0199999999999995,0.0300000000000011,0.0061359187980087,0.0047916484732013,0.0077063730382178,0.0028385090268652,0.9964102186324963,0.0007512723406382,0.0454580823866156,0.9992487276593616,0.0003760286006643,0.6962267890542371,0.0007512723406382,0.0
199,199,300425.0,5989865.0,17.82,0.003535533905932,0.0062497357237988,0.0107829156369465,0.0146143074297544,17.82125,17.825681818181817,17.82296875,17.82229357798165,0.0,0.0100000000000015,0.0300000000000011,0.0399999999999991,0.0056817769909685,0.0029686754096474,0.0022935023589525,8.889382629331547e-05,0.9997666874085596,0.000144418765147,0.026231288293553,0.999855581234853,7.220737791842623e-05,0.693857901271674,0.000144418765147,0.0
