,Easting Coord,Northing Coord,Depth,Standard Deviation 0.5,Standard Deviation 1,Standard Deviation 2,Standard Deviation 3,Mean 0.5,Mean 1,Mean 2,Mean 3,Dz 0.5,Dz 1,Dz 2,dz 3,Dp 1,Dp 2,Dp 3,Linearity,Planarity,Sphericity,Omnivariance,Anisotropy,Change of Curvature,Eigenentropy,Scattering,Label
0,300496.19,5989452.874,17.87,0.03580248848639179,0.03523414587386797,0.046416722485970015,0.0556297640064019,18.042727272727273,18.073958333333334,18.090555555555554,18.09491150442478,-0.11999999999999744,-0.11999999999999744,-0.11999999999999744,-0.11999999999999744,0.20383143701474182,0.22056576344766654,0.22509424207964912,0.052123864005580056,0.931973198660945,0.015902937333474906,0.1257912263991435,0.9840970626665251,0.008098129544951907,0.734245642975159,0.015902937333474906,1.0
1,300498.046,5989451.879,18.07,0.04130871889093466,0.03561414532090817,0.032220814771240995,0.04213553409793915,18.073076923076922,18.08938775510204,18.0899,18.091482300884955,0.08000000000000185,0.08000000000000185,0.08000000000000185,0.08000000000000185,0.01791811833390966,0.020332718355348334,0.02159720841154922,0.023307422020858323,0.9715209011429533,0.0051716768361884016,0.08657433895554921,0.9948283231638115,0.0026095010410641358,0.7093980382226686,0.0051716768361884016,1.0
2,300492.159,5989558.565,17.72,0.07267611837335672,0.05018008350074594,0.031022726310540483,0.027760191525907477,17.812727272727273,17.847291666666667,17.84345,17.829490022172948,-0.010000000000001563,-0.010000000000001563,-0.010000000000001563,-0.010000000000001563,0.12859476607991385,0.12349644849746257,0.10946798432996731,0.033149699539351415,0.9612857062753957,0.00556459418525296,0.0888381087919809,0.9944354058147471,0.002821208763104552,0.7104294144566975,0.00556459418525296,1.0
3,300449.716,5989830.886,18.17,0.05085172008789331,0.04622574745627326,0.04575719758581233,0.050197909048066126,18.127692307692307,18.170816326530613,18.161105527638192,18.144646017699117,0.14000000000000057,0.14000000000000057,0.14000000000000057,0.16000000000000014,0.0019153941539116204,0.008857651468133556,0.02566047795698978,0.037347857569215104,0.9528077403970415,0.009844402033743316,0.10728441975272446,0.9901555979662567,0.004990833601899043,0.7209381712756564,0.009844402033743316,1.0
4,300462.282,5989594.769,18.11,0.07011894655987522,0.04596584019013294,0.030773569224483394,0.03237089310411361,18.105,18.150425531914895,18.13665,18.1175,0.129999999999999,0.129999999999999,0.129999999999999,0.129999999999999,0.040014925696596045,0.026343084900872782,0.007262129547598307,0.09689632140618099,0.8862095842740242,0.01689409431979483,0.12917846422014911,0.9831059056802053,0.008799017664566292,0.7361698088325561,0.01689409431979483,1.0
5,300473.548,5989628.452,18.28,0.03339388439746929,0.03394172677290504,0.04506980976097823,0.053582069638504065,18.243333333333332,18.251,18.23361809045226,18.212838137472282,0.10000000000000142,0.10000000000000142,0.16000000000000014,0.19000000000000128,0.03022873483132571,0.04663274856284261,0.06725898061995396,0.26166177480022446,0.7370606417318362,0.0012775834679393616,0.05637607893508104,0.9987224165320607,0.000734405528837887,0.6873084938949695,0.0012775834679393616,1.0
6,300478.502,5989679.763,18.18,0.041899350299922394,0.02833205453209572,0.037786068559607686,0.04808282811047217,18.2,18.208695652173912,18.204329896907215,18.198072562358277,0.05000000000000071,0.05000000000000071,0.05999999999999872,0.10999999999999943,0.02905069562257268,0.024476435384713113,0.018442176253302023,0.09395365157394925,0.9001403535674101,0.005905994858640677,0.09148237480500111,0.9940940051413594,0.0030889864380690105,0.7107327295750462,0.005905994858640677,1.0
7,300463.362,5989787.851,17.89,0.03544949458972138,0.058373107781502356,0.033687677704627446,0.030514318961972823,18.118333333333332,18.242093023255816,18.245685279187818,18.23435267857143,-0.18999999999999773,-0.18999999999999773,-0.18999999999999773,-0.18999999999999773,0.35289423514041124,0.3555238029148314,0.3443537852290319,0.8179861694932216,0.17312981228683208,0.00888401821994638,0.09855910837844463,0.9911159817800536,0.007459933049207308,0.4703295546229696,0.00888401821994638,1.0
8,300495.113,5989399.312,17.86,0.049616712726844744,0.04335600198128785,0.03233582849155496,0.03077551612844291,18.062727272727273,18.112708333333334,18.107626262626262,18.08971111111111,-0.120000000000001,-0.120000000000001,-0.120000000000001,-0.120000000000001,0.25335733822430484,0.2476898396271281,0.22962640446712615,0.05232552123243852,0.9277226982208354,0.0199517805467261,0.13539553362002837,0.9800482194532739,0.010140025552250579,0.7424053683277924,0.0199517805467261,1.0
9,300484.922,5989534.349,17.97,0.04718596350097328,0.04179834973795415,0.034036927561267256,0.032861638432531357,17.955833333333334,17.9628,17.980696517412934,17.985187637969094,0.08999999999999986,0.10999999999999943,0.10999999999999943,0.10999999999999943,0.007925077225081623,0.010804315243149178,0.015057230135425927,0.23299376507929,0.7660549630530598,0.0009512718676502372,0.050920894817666956,0.9990487281323497,0.0005380626310291251,0.688648495437127,0.0009512718676502372,1.0
10,300472.77,5989741.205,17.87,0.032386554137310106,0.04363247396674686,0.029439461515457312,0.02609848478726387,17.916,17.96489361702128,17.985929648241207,17.979222222222223,0.010000000000001563,0.010000000000001563,0.010000000000001563,0.010000000000001563,0.09508534224733013,0.11601855043954856,0.10913041710227844,0.08062830866946871,0.9063080601023217,0.013063631228209624,0.1185077390542185,0.9869363687717904,0.006760190664964688,0.7281007204469935,0.013063631228209624,1.0
11,300432.825,5989800.295,17.82,0.05801253782980461,0.04396968652757639,0.03282112323875084,0.025220132417873787,17.913636363636364,17.96142857142857,17.9846,17.977676991150442,0.019999999999999574,0.019999999999999574,0.019999999999999574,0.019999999999999574,0.14118473906273718,0.16469168152980274,0.1577524690728751,0.23350731958357324,0.7456745905298724,0.020818089886554314,0.1408584455297519,0.9791819101134457,0.011647716912165913,0.7398561056504126,0.020818089886554314,1.0
12,300432.211,5989801.795,17.95,0.027588242262077886,0.022909166985571577,0.02997266236615066,0.026516242401801685,17.975,17.980408163265306,17.96964824120603,17.97,0.019999999999999574,0.019999999999999574,0.14999999999999858,0.14999999999999858,0.0310062229691539,0.019652562139526708,0.02014370217511896,0.07761128596763592,0.9197826287280072,0.002606085304356938,0.06958858013656981,0.997393914695643,0.001353814205240915,0.7016893173172022,0.002606085304356938,1.0
13,300481.683,5989479.138,18.02,0.024246211825329805,0.018142950880897592,0.023135986457178185,0.02565121294016695,18.043333333333333,18.05142857142857,18.05655,18.05592017738359,0.019999999999999574,0.019999999999999574,0.019999999999999574,0.019999999999999574,0.03098703500290867,0.036405970329724376,0.035939193719059404,0.25352070305545066,0.7446989119587006,0.0017803849858487003,0.06288850752370836,0.9982196150141512,0.0010183755904516598,0.6899128900264809,0.0017803849858487003,1.0
14,300498.714,5989439.69,18.14,0.042804464979978495,0.045892954419018854,0.0277388666606639,0.023269319554032997,18.109,18.1314,18.13095,18.120837004405285,0.10999999999999943,0.14000000000000057,0.14000000000000057,0.14000000000000057,0.008942426691646688,0.009110439199503162,0.019118586096738,0.0778888898197656,0.8984298926793598,0.023681217500874548,0.14364789749543364,0.9763187824991254,0.01217047531947901,0.7496525830711742,0.023681217500874548,1.0
15,300478.819,5989532.747,17.98,0.021705094128132842,0.024121953489466805,0.028604773943255474,0.03157378083111333,17.996,18.019148936170215,18.03979797979798,18.05132743362832,0.019999999999999574,0.019999999999999574,0.019999999999999574,0.019999999999999574,0.039117620181059465,0.060232349540456205,0.07146449307037984,0.49265660825591284,0.5054416149042484,0.0019017768398386962,0.06547277168287394,0.9980982231601613,0.001260084762519445,0.6476091704878089,0.0019017768398386962,1.0
16,300474.79,5989761.131,17.92,0.023992520201951213,0.02933588198147813,0.0290087060229445,0.026703449048386757,17.983846153846155,17.987708333333334,17.97205,17.959911504424777,-0.00999999999999801,-0.00999999999999801,0.010000000000001563,0.020000000000003126,0.06683120536035858,0.05209753829694819,0.03995581051276531,0.036083924224532805,0.9584732038840147,0.0054428718914524875,0.08823296996038729,0.9945571281085476,0.00276377848634481,0.7101049477695511,0.0054428718914524875,1.0
17,300464.517,5989791.574,18.14,0.04555216789572166,0.031571572409323706,0.02443409760208357,0.02521024674651084,18.223333333333333,18.251041666666666,18.2486,18.240665188470068,-0.019999999999999574,-0.019999999999999574,-0.019999999999999574,-0.019999999999999574,0.11130170835531318,0.10844351262494456,0.10068390020023799,0.3712937390672995,0.6139769235615234,0.014729337371177043,0.12777845765565965,0.9852706626288229,0.00896252788145674,0.712132975927792,0.014729337371177043,1.0
18,300454.564,5989748.167,17.98,0.03228659539846649,0.030664411333808348,0.020880255616894702,0.020743151621372646,17.926666666666666,17.92816326530612,17.934626865671643,17.9316592920354,0.120000000000001,0.15000000000000213,0.15000000000000213,0.15000000000000213,0.05199328588787467,0.04534046522758218,0.048215798293767875,0.256225911441876,0.7345951048891505,0.009178983668973495,0.10822018133747503,0.9908210163310265,0.005236297431118192,0.7114642138143966,0.009178983668973495,1.0
19,300508.747,5989497.891,18.28,0.030151134457776736,0.029679409477595432,0.023057009647691418,0.03137084763440128,18.34090909090909,18.36938775510204,18.368153846153845,18.359268292682927,-0.029999999999997584,-0.029999999999997584,-0.029999999999997584,0.0,0.08992862919694744,0.08812727356416873,0.07940968771436019,0.4582536254915885,0.5384333837107205,0.0033129907976910855,0.07865510410707145,0.9966870092023089,0.002144248222484788,0.6622278904626883,0.0033129907976910855,1.0
20,300482.421,5989521.379,18.12,0.036711405213192876,0.04035236951518672,0.043666476776010175,0.04783962167115846,18.1725,18.187254901960785,18.18149253731343,18.174955947136564,0.0,0.0,0.030000000000001137,0.07000000000000028,0.06662339146714658,0.06127770111197606,0.05497597833164036,0.2644987090309988,0.7310477052539205,0.0044535857150806765,0.08535450196307887,0.9955464142849194,0.002559598398073458,0.6975756125891754,0.0044535857150806765,1.0
21,300475.398,5989559.72,17.7,0.02738612787525794,0.02511707281788214,0.033852024990531776,0.0488048999017502,17.73,17.749387755102042,17.773585858585857,17.792079646017697,0.00999999999999801,0.00999999999999801,0.00999999999999801,0.00999999999999801,0.04859664713148959,0.07333056622883306,0.09186043099907693,0.029777744152721226,0.9674718121464061,0.0027504437008726893,0.07030241677279793,0.9972495562991273,0.0013940606991179319,0.7026266138563229,0.0027504437008726893,1.0
22,300481.294,5989578.573,17.9,0.032361593398235425,0.03003399434518333,0.040493935273937465,0.04975892610155452,17.994545454545456,18.026,18.0212,18.019778270509978,-0.020000000000003126,-0.020000000000003126,-0.020000000000003126,-0.020000000000003126,0.12605219151009806,0.12138430762570351,0.11973612471774686,0.23038951070194127,0.7584916722473448,0.011118817050713957,0.11486259261604155,0.9888811829492861,0.006243968137702021,0.7182928339961868,0.011118817050713957,1.0
23,300499.766,5989424.103,18.24,0.059878665194329196,0.03350043151311112,0.022048363633662967,0.02003011076065599,18.143636363636364,18.158367346938775,18.154040404040405,18.14924944812362,0.1999999999999993,0.1999999999999993,0.1999999999999993,0.1999999999999993,0.08287942616152577,0.0859741971398762,0.09071896463865413,0.2041568876110243,0.7860121734940576,0.009830938894918031,0.10994313820368498,0.9901690611050821,0.005444470383748334,0.7167452013411305,0.009830938894918031,1.0
24,300475.757,5989473.465,18.04,0.03794733192202097,0.028184340985390577,0.022539859735355355,0.022557362092496088,18.078,18.112765957446808,18.11256281407035,18.105515695067265,0.03999999999999915,0.03999999999999915,0.03999999999999915,0.03999999999999915,0.07283858159462399,0.0724984367043362,0.06542560318484904,0.0711339937940498,0.9191586542683969,0.009707351937553177,0.10736656071841473,0.9902926480624468,0.005007472065359204,0.720518111606603,0.009707351937553177,1.0
25,300486.353,5989465.742,17.92,0.0310717644406386,0.027913557040740354,0.025981428175910606,0.02778158234731617,17.946363636363635,17.978571428571428,17.98969696969697,17.995154867256637,0.030000000000001137,0.030000000000001137,0.030000000000001137,0.030000000000001137,0.05843946283857804,0.06980694465164562,0.07537063369090903,0.4566712064563598,0.5391505802973248,0.004178213246315386,0.08492817989158644,0.9958217867536847,0.0026999640247073195,0.6656202132165099,0.004178213246315386,1.0
26,300476.726,5989512.254,18.1,0.023452078799116965,0.031217710591032125,0.023827958890308126,0.025983791189809223,18.14666666666667,18.197333333333333,18.194292929292928,18.181280898876405,0.0,0.0,0.0,0.010000000000001563,0.09737733070505783,0.09400010864248998,0.08111244313022326,0.37307677969534314,0.6229446969284771,0.003978523376179775,0.08315421976147572,0.9960214766238201,0.0024394623352357895,0.682105275914953,0.003978523376179775,1.0
27,300489.118,5989378.55,17.87,0.04308553859897379,0.030017001984929667,0.022715727233416198,0.024512160099011762,17.991818181818182,18.021020408163267,18.004824120603015,17.987477477477476,-0.029999999999997584,-0.029999999999997584,-0.029999999999997584,-0.029999999999997584,0.15138168467092328,0.1347708744724514,0.11725551672861911,0.057190505909811444,0.9267147195846963,0.016094774505492293,0.1263833128693536,0.9839052254945078,0.008216212891827775,0.7346560765715812,0.016094774505492293,1.0
28,300444.49,5989855.173,17.91,0.034999999999999296,0.03235727931261119,0.02575407379579817,0.031807604460394684,18.023333333333333,18.074468085106382,18.065656565656564,18.045685840707964,-0.05000000000000071,-0.05000000000000071,-0.05000000000000071,-0.030000000000001137,0.16462656886142213,0.1555485275202955,0.1356380959841772,0.3641480725196799,0.627944979674969,0.007906947805351157,0.1042197860475323,0.9920930521946488,0.0048102844792104905,0.6954191297637066,0.007906947805351157,1.0
29,300445.447,5989816.272,17.98,0.04341018825626614,0.024465020622156698,0.023829411343929695,0.03157548205257413,18.112,18.128125,18.115656565656565,18.10599557522124,-0.0799999999999983,-0.0799999999999983,-0.0799999999999983,-0.05000000000000071,0.14824230789963622,0.13587469598496682,0.12629538631881587,0.061696700297105014,0.9296542161041889,0.008649083598706185,0.10321649707678697,0.9913509164012938,0.004442370379926422,0.7180584325146643,0.008649083598706185,1.0
30,300474.43,5989444.37,18.09,0.029076701075853674,0.024206804575472068,0.02513156336933566,0.031756336802964774,18.196363636363635,18.218775510204082,18.22175,18.21246153846154,-0.05999999999999872,-0.05999999999999872,-0.05999999999999872,-0.05000000000000071,0.12825923025957311,0.13157752451661509,0.12247721694438951,0.04853733647769094,0.9402682395783093,0.01119442394399981,0.11210373266256966,0.9888055760560002,0.005703708516117426,0.7240425008196947,0.01119442394399981,1.0
31,300476.252,5989476.998,18.07,0.032403703492039436,0.026445641997809945,0.02518093278855472,0.025973054158764348,18.080000000000002,18.096304347826088,18.10381443298969,18.1,0.03999999999999915,0.03999999999999915,0.03999999999999915,0.10000000000000142,0.025695010874187574,0.033869264341774404,0.029996312136063356,0.36502632970144483,0.6329532339455599,0.002020436352995226,0.0663773405073042,0.9979795636470048,0.0012342355691970092,0.6766881264911246,0.002020436352995226,1.0
32,300476.91,5989415.224,18.11,0.041851106932973836,0.03297556299901594,0.021523856111523458,0.021255860566483903,18.113333333333333,18.1506,18.1498,18.14263274336283,0.05999999999999872,0.05999999999999872,0.05999999999999872,0.05999999999999872,0.03989597721374594,0.03974682749685599,0.03258434752933681,0.2577547958107926,0.7381250247328872,0.004120179456320205,0.08311627346212523,0.9958798205436797,0.002359288322423887,0.6971825365771506,0.004120179456320205,1.0
33,300488.41,5989509.393,17.96,0.03645669909757167,0.04037346909546825,0.028621305079915952,0.02485543975048897,18.06090909090909,18.116938775510203,18.13597014925373,18.14185430463576,-0.019999999999999574,-0.019999999999999574,-0.019999999999999574,-0.019999999999999574,0.1566186368149829,0.17604683628087517,0.18186580019755638,0.050305554734935934,0.9322668192796166,0.017427625985447476,0.12955158528941704,0.9825723740145526,0.008859453228730552,0.737368584324267,0.017427625985447476,1.0
34,300502.834,5989405.722,18.02,0.058537737116040406,0.03790212960469928,0.021775417881582868,0.01959538989782006,18.086,18.1296,18.128391959798996,18.117250554323725,0.019999999999999574,0.019999999999999574,0.019999999999999574,0.019999999999999574,0.10905416125024205,0.10836964592999722,0.0972485549391422,0.4930979222162632,0.5004555297893918,0.006446547994345023,0.09805688900522151,0.9935534520056549,0.004259790430662042,0.6633923505566206,0.006446547994345023,1.0
35,300461.547,5989761.158,17.71,0.05125101625008729,0.05433072098292922,0.03303060366999871,0.029795161987348506,17.926666666666666,18.036511627906975,18.03958762886598,18.029375,-0.14999999999999858,-0.14999999999999858,-0.14999999999999858,-0.14999999999999858,0.3263047835876023,0.3295049922747921,0.3194983449157007,0.18430972830873824,0.794818343830145,0.02087192786111677,0.1400738206393643,0.9791280721388833,0.011364672465873383,0.7423497521151902,0.02087192786111677,1.0
36,300476.047,5989481.958,18.16,0.02733628956666818,0.0222380442540455,0.020803122605917736,0.02226798195724961,18.124545454545455,18.1156,18.107336683417085,18.10059866962306,0.08000000000000185,0.08000000000000185,0.08999999999999986,0.19000000000000128,0.04462942649843171,0.052823337566223934,0.05945892480303883,0.23068198388918582,0.7659494699693621,0.00336854614145206,0.07748497821808327,0.996631453858548,0.0019002491546910546,0.6971276004874769,0.00336854614145206,1.0
37,300462.793,5989774.852,18.12,0.035791906991114834,0.03537938213525124,0.03178883688897383,0.03653315745988407,18.129166666666666,18.13061224489796,18.13015,18.119534368070955,0.05000000000000071,0.08000000000000185,0.08000000000000185,0.08000000000000185,0.010083185916300865,0.010494349320651963,0.00021315612684702503,0.2476252489364198,0.7501869797008108,0.002187771362769375,0.06729402937564583,0.9978122286372307,0.0012469041911051136,0.6918621468723198,0.002187771362769375,1.0
38,300475.619,5989523.467,18.14,0.05187509653991692,0.03287328795883546,0.022929205655182097,0.023082541036984268,18.13923076923077,18.1564,18.167918781725888,18.164889380530973,0.08000000000000185,0.08000000000000185,0.08000000000000185,0.08000000000000185,0.01568201169720851,0.027986666646029335,0.024788415161310695,0.05394831334553442,0.9386216942844817,0.0074299923699838654,0.09805996521963144,0.9925700076300161,0.0038034615065826133,0.7151164938259978,0.0074299923699838654,1.0
39,300484.855,5989665.335,18.02,0.023403573930647,0.0257133519905172,0.03038316624861645,0.036302360051574424,18.037499999999998,18.052941176470586,18.05950495049505,18.057180616740087,0.019999999999999574,0.019999999999999574,0.030000000000001137,0.05999999999999872,0.032740592811023816,0.039379162815748714,0.03705710239592008,0.2576720316291444,0.738547777253526,0.0037801911173294947,0.08077904574962952,0.9962198088826705,0.0021649238031380227,0.696139649622892,0.0037801911173294947,1.0
40,300443.726,5989836.742,18.07,0.03806427312965419,0.023094010767585393,0.02893302512960063,0.036942068288222135,18.094,18.1,18.089497487437185,18.077387387387386,0.030000000000001137,0.030000000000001137,0.03999999999999915,0.05999999999999872,0.029793088622682262,0.020046233119501267,0.007740220892628714,0.0896400477002638,0.9067489470928971,0.00361100520683916,0.07768641422334453,0.9963889947931609,0.0018866562173667438,0.704460007983616,0.00361100520683916,1.0
41,300487.01,5989530.463,18.02,0.037252889522529246,0.027040814961070532,0.020189448400322874,0.020777281579884073,18.001,18.020833333333332,18.023467336683417,18.021517857142857,0.0799999999999983,0.0799999999999983,0.0799999999999983,0.0799999999999983,0.0002688200329430402,0.003310586922452785,0.0013591813039965928,0.08170417835074262,0.916301143035731,0.001994678613526467,0.06371645130508238,0.9980053213864735,0.0010387379478539853,0.6996948754049277,0.001994678613526467,1.0
42,300437.786,5989860.224,17.89,0.03155242550986482,0.024780255337245472,0.022311342852918626,0.0253080458752429,17.932,17.961063829787232,17.955572139303484,17.945503355704698,0.010000000000001563,0.010000000000001563,0.010000000000001563,0.010000000000001563,0.07089312705647899,0.06523164104146419,0.055335835422738455,0.07139820839873891,0.9237259371666887,0.004875854434572464,0.08556331343800914,0.9951241455654276,0.002521805434145732,0.7083215342276591,0.004875854434572464,1.0
43,300476.384,5989642.26,17.84,0.04070801956792795,0.0270248644790449,0.01994812198456496,0.01778489247636745,18.052857142857142,18.095116279069767,18.099897435897436,18.099577777777778,-0.1700000000000017,-0.1700000000000017,-0.1700000000000017,-0.1700000000000017,0.25502489125938155,0.2599853533647547,0.2595711871617823,0.3033451560479351,0.6844616872116315,0.01219315674043345,0.11940096532309712,0.9878068432595666,0.007135307959217123,0.7146242809486539,0.01219315674043345,1.0
44,300490.931,5989382.804,17.85,0.041429019254184844,0.03670066451047165,0.025457309890592954,0.02307566929125367,17.958181818181817,18.007755102040818,18.005223880597015,17.999311111111112,-0.03999999999999915,-0.03999999999999915,-0.03999999999999915,-0.03999999999999915,0.15759749553399163,0.15503163856919858,0.14918787203350806,0.23787778775724774,0.7490453758000826,0.013076836442669682,0.12122588982368904,0.9869231635573303,0.007366405729179157,0.7224831315926179,0.013076836442669682,1.0
45,300476.223,5989479.495,17.93,0.048623921214621744,0.04081864299755232,0.027582598705934692,0.027358094190064432,18.0675,18.124444444444446,18.119035532994925,18.104243792325057,-0.07000000000000028,-0.07000000000000028,-0.07000000000000028,-0.07000000000000028,0.19435767503455284,0.18909409320986018,0.17429475968310726,0.03352070445157176,0.9573460470897954,0.0091332484586329,0.10460942958697618,0.990866751541367,0.004622995782416057,0.7192669565318388,0.0091332484586329,1.0
46,300498.517,5989427.346,17.97,0.02796823595120415,0.021955720303011073,0.01888993696402507,0.022259217788277042,18.105999999999998,18.134893617021277,18.13681818181818,18.139135254988915,-0.08999999999999986,-0.08999999999999986,-0.08999999999999986,-0.07000000000000028,0.16483523962233448,0.16690833571919939,0.16920630993627128,0.4961998362123702,0.4957229300544402,0.008077233733189628,0.10559833659583241,0.9919227662668103,0.0053425190074504044,0.6675493263671437,0.008077233733189628,1.0
47,300503.479,5989429.711,18.08,0.016363916944844986,0.01237705495510604,0.015676054780056785,0.020019155438565008,18.157,18.161063829787235,18.1457,18.133964365256126,-0.060000000000002274,-0.060000000000002274,-0.020000000000003126,-0.010000000000001563,0.08105774376599584,0.06566535936508446,0.05384267933550291,0.07942072697464488,0.9173181012115296,0.0032611718138256104,0.07498526089771738,0.9967388281861743,0.0016951363209843637,0.7036270486177407,0.0032611718138256104,1.0
48,300467.849,5989542.389,18.04,0.023354968324845272,0.030363807144588018,0.039641492019103365,0.046729154612006246,18.083636363636362,18.09686274509804,18.099019607843136,18.09612334801762,-0.010000000000001563,-0.010000000000001563,0.019999999999999574,0.05999999999999872,0.057812573184492067,0.05913957839948125,0.05609669607656543,0.05446938697107223,0.9428471519580794,0.0026834610708482477,0.07000895924881925,0.9973165389291518,0.0013773953830449623,0.7022511326401896,0.0026834610708482477,1.0
49,300477.018,5989466.577,17.99,0.025407785333546404,0.018905091437745134,0.020368218420079066,0.020628293297210935,18.093,18.111458333333335,18.1111,18.10931263858093,-0.060000000000002274,-0.060000000000002274,-0.060000000000002274,-0.060000000000002274,0.12127766851335765,0.12144301836087834,0.11945436712994706,0.4963491984159624,0.4977073966723338,0.005943404911703775,0.09546878504457577,0.9940565950882962,0.003937087785664168,0.6608500453334317,0.005943404911703775,1.0
50,300412.647,5989875.963,17.72,0.021750331562459795,0.0164879877940458,0.0181933621542532,0.019058277015688987,17.773076923076925,17.788979591836735,17.7835175879397,17.78103982300885,-0.019999999999999574,-0.019999999999999574,-0.010000000000001563,-0.010000000000001563,0.06907143584976438,0.0635835896973731,0.06115496287384303,0.034909269981416316,0.9620462620946593,0.0030444679239243293,0.07277321928500134,0.9969555320760758,0.0015468794659569225,0.7034737457942123,0.0030444679239243293,1.0
51,300416.221,5989896.881,17.75,0.03714835124201291,0.027993635294853714,0.018092073180979273,0.01906990775506737,17.86,17.893125,17.883299492385788,17.87603982300885,-0.030000000000001137,-0.030000000000001137,-0.030000000000001137,-0.030000000000001137,0.14242775508319028,0.13327628856131923,0.12612818762818281,0.45673833710489287,0.5283325269442599,0.01492913595084731,0.1289418632731542,0.9850708640491527,0.00958107053507459,0.6965415800848057,0.01492913595084731,1.0
52,300459.333,5989623.796,18.01,0.025166114784236023,0.019201757289196035,0.0182015516484736,0.019671933602670964,18.111666666666668,18.129795918367346,18.1256,18.120354767184036,-0.05999999999999872,-0.05999999999999872,-0.05999999999999872,-0.05999999999999872,0.11991698190104216,0.11550489212822868,0.1102862196712522,0.25822518947489737,0.7356595823745362,0.006115228150566506,0.0947067226483707,0.9938847718494335,0.003498634362147779,0.7030090767568657,0.006115228150566506,1.0
53,300463.493,5989681.64,18.15,0.02662876093795779,0.01666108750156126,0.01961585922354135,0.01984211647087771,18.19090909090909,18.1986,18.18776649746193,18.179690949227375,0.00999999999999801,0.00999999999999801,0.00999999999999801,0.00999999999999801,0.04849383171313094,0.037914814620307886,0.02976669764939288,0.4562800050183846,0.5389620298159582,0.004757965165657202,0.08865307944152268,0.9952420348343429,0.003072672190442208,0.6676569320171909,0.004757965165657202,1.0
54,300494.929,5989543.97,17.84,0.024271195048676544,0.01991410124940185,0.025558878719674702,0.03419601559087101,17.86909090909091,17.8844,17.8951,17.898429203539823,0.0,0.0,0.0,0.03999999999999915,0.04387774976203218,0.05465751685551368,0.05833445195457899,0.2277723126314203,0.7709893054564048,0.0012383819121749532,0.05555337380371728,0.9987616180878252,0.0006982833974811766,0.6901593444023673,0.0012383819121749532,1.0
55,300418.804,5989890.487,17.89,0.016329931618554897,0.013362114327111459,0.013140064163813414,0.014218502049949622,17.89,17.907083333333333,17.900753768844222,17.89151111111111,0.030000000000001137,0.030000000000001137,0.030000000000001137,0.030000000000001137,0.017092827358283106,0.010890165045566391,0.0015182365204964299,0.079454991981718,0.9191475467678795,0.00139746125040262,0.056587592448049555,0.9986025387495974,0.0007271087833000359,0.6977690311338166,0.00139746125040262,1.0
56,300444.017,5989802.237,18.07,0.029135697844549707,0.02931834267811367,0.036759611471464074,0.039535822788083104,18.073999999999998,18.089347826086957,18.086852791878172,18.08341573033708,0.030000000000001137,0.030000000000001137,0.05000000000000071,0.07000000000000028,0.019390222179936245,0.016919422574574128,0.013560457417042926,0.0788626527685729,0.9196067256265364,0.0015306216048906515,0.058321200125813634,0.9984693783951094,0.0007960925285591825,0.6982297836765584,0.0015306216048906515,1.0
57,300483.326,5989659.411,18.09,0.032227881773959716,0.02348649923378272,0.01735207559236552,0.018048293044774816,18.057499999999997,18.05673469387755,18.0581592039801,18.056401766004416,0.08999999999999986,0.08999999999999986,0.08999999999999986,0.08999999999999986,0.03417222609277815,0.03184218456226518,0.03360129028442316,0.265507972082945,0.7325438623080142,0.001948165609040809,0.06489498798347905,0.9980518343909591,0.0011219307271877726,0.6893627378975551,0.001948165609040809,1.0
58,300476.951,5989609.951,18.18,0.016236882817719726,0.014424923964186511,0.017244837549555653,0.022159512465318176,18.235,18.248039215686276,18.243949999999998,18.237323008849557,-0.030000000000001137,-0.030000000000001137,-0.019999999999999574,-0.010000000000001563,0.0683436061744942,0.06417683957261035,0.05748914086143486,0.25793933018607407,0.7399363994118733,0.002124270402052578,0.06672530050105123,0.9978757295979475,0.0012179158030051183,0.6907043967261398,0.002124270402052578,1.0
59,300453.214,5989604.971,17.85,0.060710083888216554,0.060927675294834525,0.045692695681258826,0.044231489332391946,18.055,18.147906976744185,18.131725888324873,18.105874439461882,-0.09999999999999787,-0.09999999999999787,-0.09999999999999787,-0.09999999999999787,0.2971193754347042,0.28230966589762835,0.2559999008954037,0.036745367925459314,0.9337280813132721,0.029526550761268568,0.1531763302169447,0.9704734492387315,0.014816755103664255,0.7598189823908957,0.029526550761268568,1.0
60,300484.621,5989562.825,17.88,0.029547875102567674,0.019925350883814624,0.031176276220950178,0.03522835415729284,17.876923076923077,17.865686274509805,17.83353233830846,17.81923076923077,0.05000000000000071,0.05000000000000071,0.11999999999999744,0.14999999999999858,0.014563873446604704,0.0465829994645901,0.06075940021401039,0.03995924977057617,0.9574780509605753,0.0025626992688485553,0.06878544422959877,0.9974373007311514,0.0013057651913858063,0.7020109908645463,0.0025626992688485553,1.0
61,300500.189,5989510.886,18.3,0.035021638332824616,0.04071428571428563,0.0380808119819683,0.0391762387404357,18.349166666666665,18.349183673469387,18.32395,18.331570796460177,-0.00999999999999801,0.030000000000001137,0.03999999999999915,0.03999999999999915,0.04768659383989871,0.023957899276865646,0.03150578037962504,0.260683387842046,0.7372526789211603,0.002063933236793721,0.06611221100574943,0.9979360667632063,0.0011852281468585344,0.6902354099310812,0.002063933236793721,1.0
62,300490.124,5989491.749,18.06,0.04455843966584238,0.03676311146349491,0.03320090001933058,0.04799664314450722,18.056363636363635,18.09468085106383,18.095384615384614,18.07430155210643,0.0799999999999983,0.0799999999999983,0.0799999999999983,0.14999999999999858,0.034707155278738355,0.03537356140873271,0.01427534144022502,0.45758730675010223,0.5311304913391082,0.011282201910789557,0.11772684312903373,0.9887177980892103,0.007261529883331901,0.6867617420420183,0.011282201910789557,1.0
63,300471.734,5989398.565,18.0,0.029059326290271352,0.023405726098209307,0.022146156806690916,0.019074031418407356,18.1,18.126041666666666,18.11,18.101618625277162,-0.05000000000000071,-0.05000000000000071,-0.05000000000000071,-0.05000000000000071,0.1260609367891448,0.10965399289852941,0.10155778191256104,0.07648873040859996,0.9148625391827998,0.008648730408600291,0.10345586100210345,0.9913512695913997,0.004476197834858546,0.7179350492270571,0.008648730408600291,1.0
64,300498.568,5989387.394,17.95,0.016696942198734792,0.011863022065098065,0.015666931298706825,0.02505064591588691,18.023333333333333,18.03265306122449,18.03174129353234,18.032749445676274,-0.03999999999999915,-0.03999999999999915,-0.030000000000001137,-0.030000000000001137,0.08284838104736993,0.08174957423034358,0.08274332302971743,0.2587148754151385,0.7384130164190406,0.0028721081658209663,0.07375810083375152,0.997127891834179,0.001646702551748394,0.6931445160386634,0.0028721081658209663,1.0
65,300500.7,5989389.899,17.99,0.019924098397912416,0.020781495792552413,0.017921100109806815,0.018474115115288115,18.028333333333332,18.043541666666666,18.0462,18.044545454545453,0.0,0.0,0.0,0.0,0.052823222875304054,0.056094641933668754,0.054576011898461736,0.2560352529529358,0.742128847183295,0.0018358998637692707,0.06355345012676814,0.9981641001362308,0.0010516091095612015,0.6898760721038286,0.0018358998637692707,1.0
66,300496.832,5989390.77,18.13,0.019164360862620206,0.015790723187223427,0.015288761596538209,0.01671414830963928,18.095454545454544,18.0858,18.07565,18.064657836644592,0.05999999999999872,0.08999999999999986,0.08999999999999986,0.10999999999999943,0.044066092628781924,0.0543591543500952,0.06537141574517592,0.23320093919360121,0.7647589989115988,0.0020400618947998893,0.06562761728614325,0.9979599381052001,0.0011533337705039596,0.6925766764607281,0.0020400618947998893,1.0
67,300472.477,5989394.851,18.03,0.020816659994661788,0.017776006147552734,0.0203761479938087,0.023178993969427956,18.08833333333333,18.099183673469387,18.097979797979797,18.086482300884956,-0.029999999999997584,-0.029999999999997584,-0.019999999999999574,0.010000000000001563,0.06937630918400829,0.06799290487106191,0.05634317200383521,0.2529210751826869,0.7446942283366027,0.0023846964807103734,0.06929389109607952,0.9976153035192896,0.0013631014967553515,0.6920567947120326,0.0023846964807103734,1.0
68,300504.222,5989377.323,18.0,0.020538212722098572,0.016812288994200075,0.014025631595363564,0.013371631038997283,17.972727272727273,17.987,17.992445652173913,17.991281337047354,0.07000000000000028,0.07000000000000028,0.07000000000000028,0.07000000000000028,0.013031098569626922,0.007683488460315858,0.008825944780255668,0.23449695660660724,0.7636972324589839,0.0018058109344087866,0.06303193119226314,0.9981941890655913,0.0010217857110751756,0.6916585499094777,0.0018058109344087866,1.0
69,300493.754,5989393.749,17.97,0.02356601669474781,0.015380996484432327,0.010177610972731118,0.011794422039309884,18.041249999999998,18.057727272727274,18.056321243523314,18.056567505720825,-0.030000000000001137,-0.030000000000001137,-0.030000000000001137,-0.030000000000001137,0.08769124516402373,0.0863145755538426,0.08656295981927542,0.008563198528410525,0.9897221051580783,0.0017146963135112043,0.059879353984983334,0.9982853036864888,0.000860294019504623,0.6994737154425037,0.0017146963135112043,1.0
70,300471.876,5989405.235,18.04,0.01128152149635474,0.011011743885568333,0.012257172100284116,0.018289650647061572,18.114545454545453,18.12469387755102,18.12208121827411,18.120044150110374,-0.060000000000002274,-0.060000000000002274,-0.060000000000002274,-0.05000000000000071,0.08466799734378583,0.08210932504152879,0.08002134639536963,0.456674125216452,0.5420776417297468,0.0012482330538012285,0.056882228839270216,0.9987517669461987,0.0008081406048874885,0.6547438067031419,0.0012482330538012285,1.0
71,300502.519,5989440.191,18.08,0.013984117975601328,0.014240525032156847,0.014270228069902758,0.016414226728034567,18.122,18.131875,18.12613065326633,18.119557522123895,-0.020000000000003126,-0.020000000000003126,-0.010000000000001563,0.0,0.051849462653990486,0.04603671406948706,0.0395160848206615,0.08026734980715908,0.9179019606216112,0.0018306895712297097,0.06191141537739378,0.9981693104287703,0.0009527084188931715,0.6991927673623125,0.0018306895712297097,1.0
72,300494.004,5989449.451,18.09,0.024037008503093468,0.024031662740248316,0.02194465400037041,0.02479541649114096,18.175555555555555,18.190851063829786,18.1822,18.167104677060134,-0.05000000000000071,-0.03999999999999915,-0.03999999999999915,-0.030000000000001137,0.10107676727056969,0.09217387482203777,0.07720021052955418,0.3718127786200003,0.6226270799733278,0.005560141406671847,0.09286956513500978,0.9944398585933282,0.0034033055130310674,0.6873106146199892,0.005560141406671847,1.0
73,300475.253,5989450.664,18.05,0.021950357213908256,0.017553934332388072,0.014097748177550194,0.01939189349403122,18.132727272727273,18.145106382978724,18.148883248730964,18.147111111111112,-0.03999999999999915,-0.03999999999999915,-0.03999999999999915,-0.03999999999999915,0.09529775526607409,0.09881752902219887,0.09710112992979704,0.45504547531968487,0.5420881951466564,0.00286632953365873,0.07496204630854045,0.9971336704663413,0.0018518483749944896,0.6614204164231662,0.00286632953365873,1.0
74,300483.989,5989485.632,18.03,0.03986340312982427,0.028979936761385036,0.027560994392305322,0.038687175299742846,17.990909090909092,18.0036,18.006497461928934,18.00596026490066,0.10999999999999943,0.10999999999999943,0.10999999999999943,0.120000000000001,0.02796465648134472,0.023746497732645366,0.024124840630975086,0.44810450050035505,0.5487858067373488,0.003109692762296169,0.07699448202418589,0.9968903072377038,0.001999795742014693,0.6639847422810047,0.003109692762296169,1.0
75,300463.703,5989500.577,18.07,0.01614329769923243,0.016498608475645982,0.018326962186303305,0.019002559476145264,18.066666666666666,18.0782,18.08242574257426,18.08380530973451,0.03999999999999915,0.03999999999999915,0.03999999999999915,0.03999999999999915,0.008104690736217892,0.012476100149797276,0.01389917521737516,0.25942029295531477,0.7391180385360321,0.0014616685086530875,0.05894067431891039,0.998538331491347,0.0008390549898327222,0.6882085532257942,0.0014616685086530875,1.0
76,300503.437,5989559.1,17.93,0.012673044646259013,0.01557411928454932,0.012587502508956008,0.017134626398683333,17.918333333333333,17.92,17.914139784946236,17.90573002754821,0.030000000000001137,0.030000000000001137,0.03999999999999915,0.07000000000000028,0.009473054240515923,0.014990186826253195,0.019652350798423868,0.25735299403818823,0.7418861481391316,0.0007608578226801916,0.04742015628467108,0.9992391421773197,0.00043641986392591123,0.6857177345268165,0.0007608578226801916,1.0
77,300458.938,5989575.252,18.09,0.015811388300841746,0.01732050807568876,0.01676368897217844,0.014143955331088188,18.066666666666666,18.07,18.06758793969849,18.064755555555553,0.05000000000000071,0.05000000000000071,0.05999999999999872,0.05999999999999872,0.020035532856127247,0.022233930460060947,0.025211428623151733,0.3726773023705617,0.6260628338103588,0.001259863819079449,0.05677124541623965,0.9987401361809206,0.0007735953023830013,0.6724895808439687,0.001259863819079449,1.0
78,300479.91,5989581.336,18.06,0.026798914496334467,0.02309401076758533,0.02174910334656353,0.02977697548671528,18.065,18.082857142857144,18.083316831683167,18.080685840707964,0.03999999999999915,0.03999999999999915,0.03999999999999915,0.13999999999999702,0.02230770069581922,0.02316538550076075,0.020650682694395073,0.26259425363660716,0.7359118721951788,0.001493874168214106,0.059392599285246025,0.9985061258317859,0.0008590916638174932,0.6880193720474421,0.001493874168214106,1.0
79,300492.195,5989577.903,17.96,0.023484359721209307,0.017619903317209328,0.016738551445020858,0.019535930007225442,17.973333333333333,17.979583333333334,17.97597014925373,17.9742,0.030000000000001137,0.030000000000001137,0.030000000000001137,0.030000000000001137,0.01943164299154887,0.015985151294444222,0.0143084095834638,0.25536519590530476,0.7423584839726286,0.0022763201220666342,0.06825294771806875,0.9977236798779334,0.0013030543400353216,0.6914655106828907,0.0022763201220666342,1.0
80,300481.192,5989596.081,18.15,0.027010099121356327,0.01722944402749566,0.013224995180053382,0.013697856744260552,18.1925,18.198979591836736,18.19547263681592,18.18731111111111,0.0,0.0,0.0,0.0,0.04900528319558363,0.045475260793864436,0.03732973960234176,0.2556344515723451,0.740963104692643,0.0034024437350119183,0.07799054536548675,0.996597556264988,0.0019467364949290412,0.6951373511726,0.0034024437350119183,1.0
81,300483.427,5989603.356,18.24,0.028730724763822664,0.03485026278705123,0.031142402704851774,0.02875604417115618,18.256363636363638,18.259795918367345,18.241,18.226119733924612,0.03999999999999915,0.03999999999999915,0.04999999999999716,0.0799999999999983,0.02184126671636477,0.00110215789754875,0.013857572419510689,0.24297369266264826,0.7517165908316501,0.00530971650570167,0.09022053191666043,0.9946902834942983,0.0030128854167793665,0.701993077852498,0.00530971650570167,1.0
82,300489.788,5989621.931,18.12,0.013371158468430828,0.026502984044543324,0.03642983894871267,0.053845997723357374,18.148333333333333,18.1642,18.17755,18.185011037527595,-0.00999999999999801,0.0,0.0,0.060000000000002274,0.04345206666039303,0.05711135800811463,0.06451202553580515,0.2588527382238398,0.7397854644963466,0.0013617972798135865,0.05756572062234278,0.9986382027201866,0.0007815151793537058,0.6878943813102218,0.0013617972798135865,1.0
83,300471.882,5989639.357,18.26,0.02377928816122446,0.026150394590807157,0.039221769076079965,0.044764660950394004,18.246363636363636,18.23627450980392,18.215603864734298,18.196969026548672,0.07000000000000028,0.07000000000000028,0.14000000000000057,0.1700000000000017,0.023647273395908996,0.04419087978021708,0.06312598586373498,0.04546851911702015,0.9511243144965358,0.0034071663864440192,0.07567088048781934,0.996592833613556,0.0017401803632589377,0.7044662044403365,0.0034071663864440192,1.0
84,300474.094,5989696.119,18.22,0.018140862964337888,0.019043809142780938,0.02204873074751798,0.02138780310063202,18.21090909090909,18.233333333333334,18.23142156862745,18.226114790286974,0.04999999999999716,0.04999999999999716,0.04999999999999716,0.04999999999999716,0.013969429084681908,0.011509840391227044,0.006118198380136164,0.051115524330620214,0.9468022126237553,0.0020822630456244313,0.06431808604399057,0.9979177369543756,0.0010672980755150675,0.700433605953084,0.0020822630456244313,1.0
85,300446.48,5989694.077,17.96,0.012862913567871696,0.011979574453278076,0.014450052598537282,0.025487448110483042,17.956363636363637,17.9644,17.9618,17.95745575221239,0.030000000000001137,0.030000000000001137,0.03999999999999915,0.07000000000000028,0.004787138241226785,0.0018489520516595803,0.002269457485226667,0.23169250842848763,0.7668028095658943,0.0015046820056180377,0.059301555747415434,0.998495317994382,0.0008501930476479807,0.6908174195992878,0.0015046820056180377,1.0
86,300459.424,5989704.556,18.07,0.014034589305344517,0.014646863563401362,0.018365011076522768,0.019807337308049587,18.108333333333334,18.1176,18.112587064676617,18.10808888888889,-0.00999999999999801,-0.00999999999999801,0.0,0.010000000000001563,0.04762164795829449,0.04271706769941375,0.03827939096663613,0.2584016924842981,0.7399652162138993,0.001633091301802551,0.06114646558222335,0.9983669086981974,0.0009368184297909816,0.6889293750393751,0.001633091301802551,1.0
87,300427.672,5989724.05,17.66,0.023677121037112028,0.013962047683280531,0.012269348775039978,0.016190538299457952,17.638333333333332,17.6464,17.6430198019802,17.642638580931262,0.07000000000000028,0.07000000000000028,0.07000000000000028,0.07000000000000028,0.01364077481412096,0.016983703668302045,0.017361554680974223,0.2585227201494128,0.7399890250147738,0.0014882548358134075,0.05928838002492021,0.9985117451641865,0.0008538636055595779,0.6883918784347081,0.0014882548358134075,1.0
88,300452.285,5989740.567,17.85,0.017529196424045487,0.015523517379664382,0.014520043329531267,0.01553414485485116,17.905454545454546,17.922800000000002,17.92085,17.915342163355408,-0.029999999999997584,-0.029999999999997584,-0.029999999999997584,-0.029999999999997584,0.07276414013904287,0.07069992833385186,0.06532864591463296,0.23213709029265506,0.7642805105437662,0.003582399163578797,0.0790966590466096,0.9964176008364212,0.002022303000628414,0.6976825308418014,0.003582399163578797,1.0
89,300443.745,5989769.242,17.96,0.01791957340762038,0.017835805056934433,0.015432790994239933,0.01508523928102545,17.949,17.964130434782607,17.96958762886598,17.970593607305936,0.05000000000000071,0.05000000000000071,0.05000000000000071,0.05000000000000071,0.004352293079136872,0.009614409604182583,0.0105976681879838,0.08061165345739581,0.9181562866388746,0.0012320599037295833,0.054275279343145924,0.9987679400962706,0.0006414905827274984,0.6971782391788824,0.0012320599037295833,1.0
90,300451.708,5989775.901,18.08,0.017134460703206875,0.02131118642090723,0.021975260187345292,0.02762965582940822,18.115384615384617,18.11857142857143,18.10005,18.083148558758314,-0.010000000000001563,0.0,0.019999999999999574,0.05999999999999872,0.03931770999406581,0.02023911802825751,0.0033470154157839715,0.03571249804593065,0.9620079539282339,0.0022795480258354845,0.06611647176828081,0.9977204519741645,0.0011591509304799844,0.7011730458180321,0.0022795480258354845,1.0
91,300446.573,5989783.446,18.02,0.02067057636527715,0.020952813848342376,0.01900484358267644,0.022887738034557414,18.075,18.0776,18.071144278606965,18.0624,-0.030000000000001137,-0.030000000000001137,-0.019999999999999574,0.00999999999999801,0.05736776179401204,0.05096957030764315,0.042219855724397355,0.2594335202828739,0.7387940321275661,0.0017724475895599767,0.06284149541264779,0.9982275524104401,0.001017280600106796,0.6893302270351742,0.0017724475895599767,1.0
92,300437.182,5989788.837,17.98,0.019128750375000312,0.015899878063965645,0.012900761537258464,0.013584378865994935,17.9725,17.978163265306122,17.97905,17.97807522123894,0.05000000000000071,0.05000000000000071,0.05000000000000071,0.05000000000000071,0.0016422415646957236,0.0008559403540857603,0.0019215352003811859,0.25843177162883,0.7401696096053424,0.0013986187658276135,0.0580756878207088,0.9986013812341723,0.0008024356677380231,0.6880710026901468,0.0013986187658276135,1.0
93,300445.689,5989796.158,18.05,0.018153386861559595,0.012747548783981757,0.01600015547188119,0.021190968810213012,18.0525,18.057142857142857,18.05233830845771,18.047477876106196,0.030000000000001137,0.030000000000001137,0.03999999999999915,0.060000000000002274,0.007312870218811441,0.0024019802986003924,0.002425675684207818,0.2571214042658762,0.7405442524415831,0.002334343292540804,0.06884077735499566,0.9976656567074592,0.0013375693248313342,0.6914999874889587,0.002334343292540804,1.0
94,300463.675,5989801.561,18.28,0.018809249819912416,0.012855150794945265,0.013673338985228498,0.017538441922256225,18.289166666666667,18.2978431372549,18.29353233830846,18.287028824833705,0.030000000000001137,0.030000000000001137,0.030000000000001137,0.05000000000000071,0.017889447648485657,0.013557993179347251,0.007076181245793124,0.26012284765870075,0.7388993064013023,0.0009778459399969082,0.05156805511457186,0.9990221540600032,0.0005617044159119006,0.6863116805650104,0.0009778459399969082,1.0
95,300438.954,5989831.099,18.01,0.012659242088546624,0.012670604472048336,0.012592472027318773,0.015870689584224204,17.995384615384616,17.997551020408164,17.99835,17.997272727272726,0.0400000000000027,0.0400000000000027,0.0400000000000027,0.0400000000000027,0.012182984817627586,0.011525984986747062,0.012684043196713903,0.03623997433447226,0.9623854305253131,0.0013745951402146148,0.05588847560495026,0.9986254048597855,0.0006994915898693011,0.6982733202715902,0.0013745951402146148,1.0
96,300417.719,5989847.43,17.76,0.026181186861075574,0.019404396724580057,0.014515283922013886,0.016014349676876094,17.773636363636363,17.785,17.7794,17.775673289183224,0.0400000000000027,0.0400000000000027,0.0400000000000027,0.0400000000000027,0.024889979293220676,0.019462514090264452,0.01573034542889218,0.2306561029908045,0.7638355778677598,0.005508319141435753,0.09117679848937442,0.9944916808585643,0.0031035367853794672,0.7035232969911481,0.005508319141435753,1.0
97,300439.945,5989860.363,17.96,0.021984843263788,0.017876180328281713,0.01908202422558321,0.025603827674817156,17.94,17.946326530612247,17.955628140703517,17.958716814159292,0.07000000000000028,0.07000000000000028,0.07000000000000028,0.08999999999999986,0.014237526724173223,0.004484190925722942,0.0012233907400514,0.03474675629483088,0.9628102191594036,0.002443024545765537,0.06764436715255562,0.9975569754542345,0.0012415658784254936,0.7016790639403382,0.002443024545765537,1.0
98,300448.493,5989872.606,17.99,0.02203303305163749,0.01633951014678004,0.01824814850492724,0.01850087894224273,18.006363636363638,18.0194,18.003333333333334,17.99289183222958,0.019999999999999574,0.019999999999999574,0.019999999999999574,0.029999999999997584,0.029369547243732086,0.013180529001601826,0.002851012609653481,0.4584645199872733,0.5397059973483289,0.0018294826643978452,0.06459264984870287,0.9981705173356021,0.0011853856402340636,0.65664833646676,0.0018294826643978452,1.0
99,300428.033,5989893.352,17.92,0.011151635501530198,0.01136515141415513,0.013839623400924364,0.015040562606196782,17.910769230769233,17.91857142857143,17.91685,17.917240618101545,0.030000000000001137,0.030000000000001137,0.030000000000001137,0.030000000000001137,0.00178189175130683,0.0032652595473336987,0.0028553826123243198,0.036487902362328746,0.9628430690495405,0.0006690285881307031,0.04397971550521106,0.9993309714118694,0.00034061450810101703,0.6957987512299943,0.0006690285881307031,1.0
100,300471.75,5989496.0,18.08,0.005345224838247425,0.008336856196873908,0.008621754011444174,0.00958494878846209,18.075,18.071590909090908,18.071770833333332,18.073004587155964,0.00999999999999801,0.019999999999999574,0.029999999999997584,0.029999999999997584,0.008408803701058787,0.008229040962760338,0.006995348892814945,0.0004442864583798522,0.9994669036194448,8.88099221754045e-05,0.022308482740671855,0.9999111900778246,4.4412854951622824e-05,0.6936058879150926,8.88099221754045e-05,0.0
101,300435.0,5989792.5,17.95,0.00834522960396251,0.009135461653329102,0.013916667972954258,0.016398560647531066,17.94875,17.95159090909091,17.952291666666667,17.960229357798166,0.00999999999999801,0.019999999999999574,0.03999999999999915,0.03999999999999915,0.0015907630440779032,0.0022915814333828166,0.010229152016108857,0.0011100871313231204,0.998701443113271,0.00018846975540582006,0.02866970836833271,0.9998115302445942,9.427832197276125e-05,0.6940498417019254,0.00018846975540582006,0.0
102,300455.0,5989846.0,17.63,0.014078859531732546,0.013969159628224252,0.023760503326415695,0.03448550764113371,17.63375,17.639545454545456,17.6440625,17.652981651376148,0.00999999999999801,0.00999999999999801,0.03999999999999915,0.05000000000000071,0.009542841951770242,0.014059552049729973,0.022977024311330755,0.0031913781864493468,0.9963118080992898,0.0004968137142608826,0.03961174457174639,0.9995031862857391,0.0002487419827852186,0.695286533131877,0.0004968137142608826,0.0
103,300430.0,5989845.25,17.92,0.0035355339059332906,0.011400363482207024,0.02342502940484416,0.023846675343080513,17.90875,17.90340909090909,17.89703125,17.894128440366973,0.020000000000003126,0.0400000000000027,0.060000000000002274,0.08000000000000185,0.016587819904088977,0.022964691048400713,0.025869374205285567,8.889382629331549e-05,0.9997666874085596,0.00014441876514719872,0.026231288293559207,0.9998555812348529,7.22073779184775e-05,0.6938579012716745,0.00014441876514719872,0.0
104,300508.5,5989479.5,18.18,0.011259916264595259,0.011568346402048459,0.012550834678792193,0.01878334323055368,18.17875,18.18318181818182,18.180260416666666,18.182545871559633,0.00999999999999801,0.019999999999999574,0.019999999999999574,0.03999999999999915,0.0031812136148801073,0.000260404049186036,0.0025457309602643363,0.0019967372006869334,0.9976380589447084,0.0003652038546046234,0.035744854738874565,0.9996347961453954,0.00018275100948531443,0.6947757507158584,0.0003652038546046234,0.0
105,300511.0,5989434.75,18.16,0.016903085094570572,0.02265188341860714,0.027966211147894066,0.031643144940795356,18.16,18.15590909090909,18.15078125,18.153532110091742,0.019999999999999574,0.05000000000000071,0.08000000000000185,0.08000000000000185,0.00408725198940374,0.009217420738423243,0.006467182974233765,0.005130014803280086,0.9946940267456185,0.00017595845110144533,0.02803964977732172,0.9998240415488986,8.819769372314098e-05,0.693994341569036,0.00017595845110144533,0.0
106,300439.0,5989683.5,17.88,0.007559289460184384,0.010692215263005183,0.012342816268503701,0.020195240219229447,17.88,17.882045454545455,17.882395833333334,17.882339449541284,0.00999999999999801,0.019999999999999574,0.029999999999997584,0.03999999999999915,0.002045402135991026,0.0023957536577654537,0.002339285576454131,0.00044452334786487644,0.9989338074915719,0.000621669160563257,0.0426632184497427,0.9993783308394367,0.00031080705119779006,0.6957526624476899,0.000621669160563257,0.0
107,300472.5,5989441.75,18.23,0.00834522960396251,0.011812488464372745,0.01769432127083744,0.025051165610603093,18.23125,18.24,18.24,18.235504587155962,0.010000000000001563,0.010000000000001563,0.030000000000001137,0.08000000000000185,0.009998811146942899,0.009999640700698365,0.005504386979737319,0.0011543881483846697,0.998701500704592,0.00014411114702333222,0.026217307360740877,0.9998558888529766,7.209198995138123e-05,0.6938567150634334,0.00014411114702333222,0.0
108,300457.25,5989870.75,17.98,0.008864052604279138,0.013395512170134235,0.018362190718784366,0.02778580642523848,17.9725,17.967954545454546,17.968385416666667,17.967064220183488,0.019999999999999574,0.030000000000001137,0.05999999999999872,0.08999999999999986,0.01204242851235904,0.011613032009336166,0.012933850564877503,0.0012874580852302888,0.9985352216051915,0.0001773203095782474,0.028093820042025434,0.9998226796904217,8.870939461413189e-05,0.6940018614041396,0.0001773203095782474,0.0
109,300439.25,5989677.75,17.88,0.007440238091428675,0.011963651786105752,0.01674382228292696,0.023143409875113,17.88625,17.88681818181818,17.891145833333333,17.889311926605505,0.0,0.019999999999999574,0.029999999999997584,0.03999999999999915,0.00681655796506675,0.011144560587126762,0.00931100384104866,0.0008882275388724625,0.9989675845017907,0.00014418795933681167,0.02622080119657092,0.9998558120406631,7.212081003699368e-05,0.6938570380104376,0.00014418795933681167,0.0
110,300510.25,5989476.25,18.18,0.007559289460184719,0.00954293735057251,0.015222230316596742,0.02004985613395531,18.185000000000002,18.182954545454546,18.18046875,18.178188073394494,0.00999999999999801,0.019999999999999574,0.030000000000001137,0.05999999999999872,0.0029544204517151238,0.0004687162290792912,0.0018117955478373915,0.0007108581818665084,0.9989340915820605,0.0003550502360730634,0.035403070668395674,0.9996449497639269,0.00017755670607995776,0.694735004243213,0.0003550502360730634,0.0
111,300522.75,5989409.5,18.24,0.007440238091428078,0.01573263665876685,0.01756058758910651,0.018625158102372183,18.23625,18.223863636363635,18.209947916666668,18.208837209302324,0.019999999999999574,0.05999999999999872,0.06999999999999673,0.06999999999999673,0.01613194006495178,0.030050595007196538,0.030872946026647696,0.0005777070171032295,0.9989672636305839,0.000455029352312845,0.03845263680021249,0.9995449706476871,0.00022752863249707634,0.695125494261045,0.000455029352312845,0.0
112,300444.25,5989785.25,18.02,0.005175491695068465,0.00739978858048945,0.017830646011088927,0.023825307132098635,18.02625,18.026818181818182,18.030625,18.029587155963302,0.0,0.00999999999999801,0.019999999999999574,0.03999999999999915,0.006817680523454328,0.010623481368384093,0.0095860598685249,0.00022223455486795673,0.9995001111172768,0.0002776543278552152,0.03261574307397544,0.9997223456721448,0.00013882331714924672,0.6944228346102701,0.0002776543278552152,0.0
113,300444.5,5989591.75,18.03,0.045981362684088485,0.05903872309361289,0.0532706209202467,0.04966818179579222,18.03,18.02568181818182,18.014010416666668,18.018033980582523,0.060000000000002274,0.08000000000000185,0.08999999999999986,0.08999999999999986,0.0042901712004095325,0.015988483268301934,0.013583615993411515,0.037809849515017306,0.96202556206086,0.00016458842412265783,0.027570366935853793,0.9998354115758773,8.387292106734704e-05,0.6937745152457687,0.00016458842412265783,0.0
114,300462.25,5989665.25,18.09,0.006408699444617559,0.00644951118327461,0.009489448305610972,0.01154673140857048,18.09125,18.09340909090909,18.095052083333332,18.097752293577983,0.010000000000001563,0.010000000000001563,0.010000000000001563,0.019999999999999574,0.0034089946057065394,0.005051941960118711,0.007752191711915657,0.0005775531107828508,0.9992337761240516,0.00018867076516542017,0.0286773506943421,0.9998113292348346,9.435372883240314e-05,0.6940506008395261,0.00018867076516542017,0.0
115,300439.0,5989743.25,17.83,0.011649647450214429,0.007649151177880358,0.01181211534550111,0.015194805191878595,17.822499999999998,17.822045454545453,17.814114583333332,17.809610091743117,0.019999999999999574,0.019999999999999574,0.03999999999999915,0.05999999999999872,0.007954290667839816,0.015885295331827365,0.02038965458268649,0.0023504358464602536,0.9974726211041431,0.0001769430493966014,0.0280788556262663,0.9998230569506035,8.856777540925268e-05,0.6940001534475814,0.0001769430493966014,0.0
116,300482.25,5989575.0,17.94,0.008864052604279138,0.012378372327568828,0.020548489029516764,0.03508035998459461,17.9325,17.923409090909093,17.928645833333334,17.932477064220183,0.019999999999999574,0.0400000000000027,0.060000000000002274,0.08999999999999986,0.016588021986535754,0.01135231628722977,0.007521155814174563,0.0007111423353348884,0.998534376342092,0.0007544813225732052,0.04550653547555939,0.9992455186774268,0.00037723248684963593,0.696236392256148,0.0007544813225732052,0.0
117,300522.0,5989401.25,18.25,0.036815175442433457,0.041844370878377175,0.03222937399319161,0.03136262684380079,18.24125,18.225454545454546,18.209895833333334,18.209747706422018,0.05999999999999872,0.08999999999999986,0.10000000000000142,0.10000000000000142,0.024473409866914153,0.04009825221146457,0.04024847519758624,0.02450039347616804,0.9753198599549477,0.00017974656888426174,0.02832996956379291,0.9998202534311158,9.097962612348383e-05,0.6939447464919816,0.00017974656888426174,0.0
118,300506.0,5989468.0,18.13,0.005345224838247425,0.007182313254003952,0.00978373811043654,0.012639936942299161,18.125,18.126363636363635,18.12578125,18.12495412844037,0.00999999999999801,0.019999999999999574,0.029999999999997584,0.03999999999999915,0.0036361443417263217,0.004218660531478236,0.0050457783945603305,0.0004442864583798522,0.9994669036194448,8.88099221754045e-05,0.022308482740671855,0.9999111900778246,4.4412854951622824e-05,0.6936058879150926,8.88099221754045e-05,0.0
119,300465.0,5989445.5,18.15,0.0064086994446166685,0.010474977735650433,0.014086107051537386,0.02075689975605395,18.151249999999997,18.151363636363637,18.149270833333333,18.147385321100916,0.00999999999999801,0.019999999999999574,0.029999999999997584,0.04999999999999716,0.001363587100058794,0.0007291257425094956,0.0026144743460463364,0.00039998660845048776,0.999233639989733,0.0003663734018165377,0.03577343966511061,0.9996336265981834,0.00018318977970622813,0.6947797019139141,0.0003663734018165377,0.0
120,300442.0,5989735.0,17.8,0.014142135623731367,0.015551863718418834,0.017157185109236174,0.021107878856626013,17.805,17.81,17.811197916666668,17.811651376146788,0.010000000000001563,0.010000000000001563,0.030000000000001137,0.030000000000001137,0.009995899396017194,0.011196868363185786,0.011650587657641154,0.0032355236612565735,0.9962787459550012,0.0004857303837422515,0.03931546947256949,0.9995142696162578,0.00024319956613715494,0.6952442813207069,0.0004857303837422515,0.0
121,300455.25,5989867.5,17.89,0.005175491695068465,0.010880865529556851,0.023265706192639832,0.03414198137062104,17.88625,17.884545454545453,17.894739583333333,17.898188073394497,0.010000000000001563,0.030000000000001137,0.03999999999999915,0.05000000000000071,0.00545356099610217,0.004738544012070634,0.008186127917724662,0.00039988002000382127,0.9995001999400097,9.992003998643356e-05,0.02320214363215828,0.9999000799600136,4.9967514120485325e-05,0.6936573771185839,9.992003998643356e-05,0.0
122,300484.0,5989597.75,18.19,0.006408699444616173,0.007947369157952048,0.014326046282706017,0.021482736362380003,18.19125,18.187954545454545,18.1825,18.181009174311928,0.010000000000001563,0.019999999999999574,0.0400000000000027,0.07000000000000028,0.0020453716424526647,0.007499575318433927,0.008990204572910443,0.00035557525775822786,0.999233605941031,0.00041081880121082145,0.037164072180257496,0.9995891811987891,0.00020540372699055207,0.6949541595153921,0.00041081880121082145,0.0
123,300431.5,5989763.0,17.91,0.005175491695068465,0.010652595987293732,0.013811934130773236,0.021593424173132918,17.90375,17.900681818181816,17.899427083333332,17.89717889908257,0.010000000000001563,0.030000000000001137,0.05000000000000071,0.08000000000000185,0.009317000673036091,0.010572407820291119,0.012820218573324384,0.000355480491421796,0.9995001777402449,0.00014434176833322282,0.02622779166261115,0.9998556582316668,7.217850400519646e-05,0.6938576311286412,0.00014434176833322282,0.0
124,300479.25,5989631.0,18.1,0.0035355339059320342,0.00848764803306479,0.016387856649047825,0.016975753593290396,18.10125,18.104772727272728,18.10984375,18.109426605504588,0.0,0.010000000000001563,0.030000000000001137,0.0400000000000027,0.004772263200720773,0.009843178762821482,0.009426346332475077,4.445086475154357e-05,0.9997666770385354,0.00018887209671312932,0.028684997095773625,0.999811127903287,9.442922956373125e-05,0.6940512897137044,0.00018887209671312932,0.0
125,300436.75,5989759.5,17.89,0.009161253813128744,0.016743305121295047,0.021274752035477087,0.025248266379752977,17.896250000000002,17.89818181818182,17.892552083333335,17.891353211009175,0.0,0.030000000000001137,0.060000000000002274,0.060000000000002274,0.008178430958651008,0.0025516459281789143,0.0013530528667615729,0.001154695400835798,0.9984351423561283,0.0004101622430359264,0.03714921818701415,0.9995898377569641,0.00020515749479668686,0.6949520884338708,0.0004101622430359264,0.0
126,300419.25,5989770.75,17.86,0.015118578920368598,0.028152221381453294,0.04300540978460565,0.04374348365825143,17.865000000000002,17.88068181818182,17.91005291005291,17.92360103626943,0.00999999999999801,0.019999999999999574,0.030000000000001137,0.030000000000001137,0.020666466123657305,0.04939032580296043,0.0592686535901521,0.003941187284974161,0.9957501490657498,0.0003086636492760098,0.033807755349082695,0.999691336350724,0.00015461264167563712,0.6945493251142599,0.0003086636492760098,0.0
127,300494.25,5989580.0,17.97,0.007440238091428675,0.010330172969168586,0.014731082760677187,0.017867604534052776,17.97625,17.97840909090909,17.983020833333335,17.983623853211007,0.0,0.00999999999999801,0.019999999999999574,0.03999999999999915,0.008407842171436641,0.013020098598644836,0.013623309845570475,0.0008882275388736828,0.9989675845017895,0.00014418795933681186,0.02622080119657094,0.9998558120406631,7.212081003699383e-05,0.6938570380104375,0.00014418795933681186,0.0
128,300473.5,5989378.5,17.93,0.0051754916950666275,0.015012327562985147,0.019221812503409937,0.0317313342043653,17.92625,17.915454545454544,17.91390625,17.9201376146789,0.00999999999999801,0.05000000000000071,0.07000000000000028,0.07000000000000028,0.014542014861945063,0.01609179117076565,0.009860709542408587,0.00039988002000382116,0.9995001999400098,9.992003998636266e-05,0.023202143632152793,0.9999000799600136,4.996751412044988e-05,0.6936573771185836,9.992003998636266e-05,0.0
129,300453.5,5989896.0,18.11,0.008345229603962738,0.008611291078465106,0.011150544481497717,0.01215041586594835,18.111250000000002,18.11340909090909,18.111145833333335,18.110642201834864,0.00999999999999801,0.00999999999999801,0.030000000000001137,0.030000000000001137,0.0034087396124959928,0.0011457984801381826,0.0006421921498258598,0.0011543881483844479,0.9987015007045923,0.00014411114702327722,0.02621730736073754,0.9998558888529766,7.20919899513537e-05,0.6938567150634332,0.00014411114702327722,0.0
130,300441.25,5989872.25,17.92,0.005345224838247425,0.00848764803306466,0.012674179135309552,0.01766865223353031,17.925,17.930227272727272,17.9328125,17.935481651376147,0.0,0.0,0.010000000000001563,0.030000000000001137,0.010226625592622442,0.01281177844339254,0.015480727206522717,0.0004442864583798522,0.9994669036194448,8.880992217540442e-05,0.022308482740671848,0.9999111900778246,4.4412854951622784e-05,0.6936058879150926,8.880992217540442e-05,0.0
131,300478.25,5989716.25,18.18,0.010350983390134847,0.01733118515446511,0.019953862577522775,0.02153905100340254,18.1825,18.177045454545453,18.173645833333335,18.17827981651376,0.00999999999999801,0.030000000000001137,0.05000000000000071,0.05000000000000071,0.0029532764456234872,0.006353340533678422,0.0017200965885422195,0.0012881434482729913,0.9980025762868973,0.0007092802648297242,0.04458427905974862,0.9992907197351703,0.0003547428061899094,0.6960738823955415,0.0007092802648297242,0.0
132,300477.5,5989663.5,18.14,0.0070710678118656835,0.011023231282476592,0.02265050496607402,0.03759417855051383,18.1375,18.1275,18.120208333333334,18.121857798165138,0.010000000000001563,0.03999999999999915,0.07000000000000028,0.120000000000001,0.012499263737481671,0.019787888246355582,0.018137140141334388,0.0007107635144625378,0.9990673300459473,0.00022190643959014744,0.03027121664609896,0.9997780935604098,0.00011098034655886727,0.6941917703550914,0.00022190643959014744,0.0
133,300461.75,5989644.25,18.08,0.004629100498861836,0.005376914084675981,0.007553618690591817,0.009157024733610533,18.0775,18.076136363636362,18.077604166666667,18.081743119266054,0.00999999999999801,0.019999999999999574,0.019999999999999574,0.019999999999999574,0.0038635705604974646,0.002395809453446418,0.001743106677167816,4.441780276920326e-16,0.9995999999999997,0.0003999999999998408,0.03683294839671964,0.9996000000000002,0.00019996000799832076,0.6949116568655218,0.0003999999999998408,0.0
134,300440.5,5989845.5,17.98,0.0035355339059320342,0.007018549870400118,0.015469580435427543,0.024321782168282822,17.98125,17.981363636363636,17.97796875,17.977018348623854,0.0,0.010000000000001563,0.03999999999999915,0.05000000000000071,0.0013635967770824209,0.0020310787112975963,0.002981322293408084,8.889382629287138e-05,0.9997666874085601,0.00014441876514709623,0.026231288293553007,0.999855581234853,7.220737791842626e-05,0.693857901271674,0.00014441876514709623,0.0
135,300444.75,5989706.25,17.88,0.008345229603962738,0.005901768108593395,0.009376272455821138,0.014783616252501188,17.888749999999998,17.889772727272728,17.886458333333334,17.88889908256881,0.0,0.0,0.019999999999999574,0.029999999999997584,0.00977269490067556,0.006458192074205726,0.008898828978999518,0.0011100871313234532,0.9987014431132708,0.0001884697554057967,0.028669708368331524,0.9998115302445942,9.427832197274956e-05,0.6940498417019253,0.0001884697554057967,0.0
136,300488.25,5989680.0,18.1,0.005175491695068465,0.010452247196597347,0.011404043591340939,0.013676750851793162,18.09625,18.100227272727274,18.10564705882353,18.106242424242424,0.010000000000001563,0.020000000000003126,0.020000000000003126,0.020000000000003126,0.0002272576384712011,0.006379745289450511,0.008745695227844408,0.000355480491421463,0.9995001777402452,0.00014434176833322268,0.02622779166261114,0.9998556582316668,7.217850400519638e-05,0.6938576311286411,0.00014434176833322268,0.0
137,300465.75,5989743.25,17.92,0.0051754916950666275,0.007014783543394042,0.011085180074202044,0.011790823370954714,17.923750000000002,17.927954545454547,17.92890625,17.928256880733944,0.0,0.010000000000001563,0.020000000000003126,0.030000000000001137,0.0079543553001713,0.008906135887627899,0.008256817197434431,0.000355480491421463,0.9995001777402454,0.0001443417683331203,0.026227791662604936,0.9998556582316669,7.217850400514518e-05,0.6938576311286406,0.0001443417683331203,0.0
138,300479.5,5989474.75,18.07,0.007071067811864965,0.0077759318592095766,0.01084104974213048,0.017671755478308564,18.072499999999998,18.08,18.078645833333333,18.078600917431192,0.010000000000001563,0.010000000000001563,0.019999999999999574,0.05000000000000071,0.009999906877055766,0.00864573570288485,0.008600585254498583,0.00022233088216927168,0.9990668741754901,0.000710794942340613,0.04460804625055814,0.9992892050576594,0.0003553106929184639,0.6960782008993258,0.000710794942340613,0.0
139,300492.75,5989653.5,18.04,0.011952286093344106,0.016433517087677024,0.018124495311104258,0.023036226094822622,18.035,18.0140625,18.001478260869565,17.999458333333333,0.019999999999999574,0.05000000000000071,0.07000000000000028,0.09999999999999787,0.01819827240979066,0.022474593359220307,0.023735576272883918,0.002350747862942422,0.9973396019943008,0.00030965014275683925,0.033834765539777795,0.999690349857243,0.00015498323934666836,0.694553576299165,0.00030965014275683925,0.0
140,300437.75,5989692.5,17.84,0.007440238091428675,0.009241875467482608,0.008960933000772619,0.013189059149163015,17.84625,17.842727272727274,17.84557291666667,17.84912844036697,0.0,0.019999999999999574,0.019999999999999574,0.030000000000001137,0.0027270517603028566,0.005572874310473708,0.009128327446887853,0.0008882275388734609,0.9989675845017897,0.00014418795933681173,0.026220801196570928,0.9998558120406631,7.212081003699375e-05,0.6938570380104376,0.00014418795933681173,0.0
141,300484.75,5989434.75,18.18,0.01807721533549153,0.025007398482416402,0.03858070460590765,0.04522424705126655,18.17125,18.175454545454546,18.177395833333332,18.178394495412842,0.030000000000001137,0.03999999999999915,0.07000000000000028,0.08999999999999986,0.004540255351457746,0.0026023792743217204,0.0016048260440584274,0.004475975747771224,0.9939273034520602,0.0015967208001686091,0.05843718039975971,0.9984032791998314,0.0007995113986594321,0.6990914030092915,0.0015967208001686091,0.0
142,300469.0,5989643.75,18.16,0.00707106781186658,0.014776345304225237,0.022991765731420737,0.02549168500568353,18.1625,18.16659090909091,18.164583333333333,18.15637614678899,0.010000000000001563,0.019999999999999574,0.05000000000000071,0.05000000000000071,0.006588551426830236,0.004582353616569891,0.003623519318352919,0.0007551191631145749,0.9990673714445514,0.00017750939233405078,0.0281013082328859,0.999822490607666,8.878033636189328e-05,0.6940026102122101,0.00017750939233405078,0.0
143,300484.5,5989619.5,18.19,0.008864052604278852,0.010773469881006059,0.015246663011435624,0.021262731824284512,18.1975,18.200454545454544,18.21,18.22426605504587,0.0,0.010000000000001563,0.019999999999999574,0.019999999999999574,0.010452638991409914,0.019999302203359548,0.03426470869453624,0.0012874580852295127,0.9985352216051923,0.00017732030957831049,0.02809382004202876,0.9998226796904217,8.87093946141634e-05,0.6940018614041398,0.00017732030957831049,0.0
144,300404.75,5989870.5,17.68,0.015118578920369774,0.009840160193955623,0.01226844929506534,0.021419099894796564,17.67,17.670909090909092,17.67590425531915,17.68421195652174,0.030000000000001137,0.030000000000001137,0.03999999999999915,0.03999999999999915,0.009090809944609646,0.004380160462460481,0.001188077327242354,0.003633455121057684,0.9957488360751842,0.0006177088037581435,0.042595102614008874,0.9993822911962419,0.0003093208184386069,0.6957400551618309,0.0006177088037581435,0.0
145,300436.0,5989693.25,17.85,0.007559289460184384,0.007920722413505544,0.014103519048936338,0.018453723568144294,17.85,17.844772727272726,17.845208333333332,17.840779816513763,0.010000000000001563,0.020000000000003126,0.060000000000002274,0.08999999999999986,0.005227030982496218,0.004791619561729022,0.009220139141689287,0.0008882570991292356,0.9989342808075725,0.00017746209329819957,0.028099435810958737,0.9998225379067017,8.876259265288094e-05,0.694002429592976,0.00017746209329819957,0.0
146,300451.75,5989680.5,18.06,0.004629100498863481,0.01161394510621743,0.020423098855002143,0.026550128274630855,18.0625,18.07,18.06833333333333,18.071032110091743,0.0,0.00999999999999801,0.029999999999997584,0.03999999999999915,0.009998976092902012,0.008331937060575003,0.011030725472664928,4.4458275205261575e-05,0.9996000177833098,0.0003555239414849566,0.035414869332224284,0.999644476058515,0.00017773432721901973,0.6947364779321674,0.0003555239414849566,0.0
147,300449.25,5989696.25,18.01,0.010350983390135706,0.01630023540991424,0.02459798938987576,0.03292778712305553,18.0075,18.0025,17.997083333333332,17.99669724770642,0.020000000000003126,0.0400000000000027,0.07000000000000028,0.08000000000000185,0.007497119786421536,0.012914011015936923,0.013300170935508506,0.0015980812809176066,0.9980031961625616,0.00039872255652080845,0.03680351147492987,0.9996012774434793,0.00019948090284099067,0.6949075880701875,0.00039872255652080845,0.0
148,300440.75,5989749.0,17.85,0.015059406173077234,0.01160483969901174,0.011113801303183648,0.01560330218648129,17.84625,17.840454545454545,17.840208333333333,17.84229357798165,0.030000000000001137,0.030000000000001137,0.0400000000000027,0.0400000000000027,0.00954484727299132,0.009791498720005622,0.007706180098466576,0.0037652622812524633,0.9957826062769903,0.00045213144175719683,0.03839124253253562,0.9995478685582427,0.0002264408349353711,0.6951153844993329,0.00045213144175719683,0.0
149,300439.5,5989899.5,18.01,0.0053452248382483735,0.008056355415402238,0.009745201080500176,0.011875669256421867,18.01,18.010454545454547,18.01080745341615,18.01139751552795,0.010000000000001563,0.020000000000003126,0.020000000000003126,0.020000000000003126,0.0004545374285953585,0.0016533674643142149,0.0036635797514463775,0.0001778093770918102,0.9994667614983351,0.0003554291245731367,0.0354125089703611,0.9996445708754269,0.00017769878088027448,0.694736191918308,0.0003554291245731367,0.0
150,300444.75,5989634.25,17.92,0.007559289460184384,0.012102015277810766,0.025488197915590222,0.03526193395264023,17.92,17.920227272727274,17.92578125,17.928715596330274,0.010000000000001563,0.020000000000003126,0.0400000000000027,0.05000000000000071,0.00022721756977261975,0.005779487687959772,0.008713267347502551,0.0007995733903741365,0.9989341862116161,0.00026624039800981754,0.0321658243805176,0.9997337596019902,0.00013315570717078667,0.694376231314021,0.00026624039800981754,0.0
151,300466.25,5989535.0,18.11,0.007440238091428675,0.00925044996334291,0.01054148602305062,0.011102752664776764,18.11625,18.11568181818182,18.112135416666668,18.11243119266055,0.0,0.00999999999999801,0.030000000000001137,0.030000000000001137,0.0056816219876054674,0.0021354062700993386,0.002431190922834503,0.00035567007461727437,0.9989670341924107,0.0006772957329719657,0.04389766824264694,0.9993227042670281,0.0003385934163207635,0.6959566077402005,0.0006772957329719657,0.0
152,300453.25,5989618.75,18.11,0.0051754916950666275,0.007313574508611836,0.015529397753611469,0.017473605831933955,18.10625,18.105,18.108489583333334,18.105435779816514,0.00999999999999801,0.019999999999999574,0.05000000000000071,0.05999999999999872,0.004999938752007439,0.0015103889745660126,0.004564206728900899,0.00039988002000382116,0.9995001999400098,9.992003998636266e-05,0.023202143632152793,0.9999000799600136,4.996751412044988e-05,0.6936573771185836,9.992003998636266e-05,0.0
153,300504.25,5989433.0,18.09,0.005345224838249323,0.006317029569290513,0.01521766161835978,0.021416305121703786,18.09,18.092045454545456,18.0940625,18.097866972477064,0.010000000000001563,0.010000000000001563,0.030000000000001137,0.030000000000001137,0.0020454007317312066,0.004062177424202673,0.007866467902204024,0.00022224196169644562,0.9994667851957133,0.00031097284259017126,0.03387084633480936,0.9996890271574098,0.0001554795233775505,0.6945582710271794,0.00031097284259017126,0.0
154,300439.5,5989637.75,17.85,0.005175491695068465,0.007762325668804438,0.008599586012195699,0.013124759278811874,17.84625,17.850454545454546,17.850625,17.850619266055045,0.010000000000001563,0.010000000000001563,0.020000000000003126,0.030000000000001137,0.0004545247429632582,0.0006249949351513351,0.0006192513046698879,0.000355480491421796,0.9995001777402449,0.0001443417683332227,0.026227791662611143,0.9998556582316668,7.217850400519641e-05,0.6938576311286412,0.0001443417683332227,0.0
155,300470.5,5989389.5,18.02,0.010350983390134847,0.006647258571142829,0.00894541671168175,0.01421925344773116,18.0225,18.025,18.025851063829787,18.024227642276422,0.00999999999999801,0.00999999999999801,0.019999999999999574,0.030000000000001137,0.00499998046871042,0.005857163505424979,0.004409550339914859,0.0014210210821566601,0.9980028420421645,0.0005761368756788069,0.04160282975229122,0.9994238631243212,0.0002881901815058116,0.6955846129424185,0.0005761368756788069,0.0
156,300470.0,5989767.5,18.0,0.00707106781186658,0.009453905084835443,0.018584273409259198,0.021850042066082705,18.0025,18.006136363636365,17.997083333333332,17.994288990825687,0.010000000000001563,0.010000000000001563,0.05000000000000071,0.05000000000000071,0.006135940079730062,0.002916389392339625,0.005710617679142161,0.0007551191631145749,0.9990673714445514,0.00017750939233405062,0.028101308232885893,0.999822490607666,8.87803363618932e-05,0.6940026102122101,0.00017750939233405062,0.0
157,300471.25,5989438.0,18.27,0.009258200997725317,0.019480569817714767,0.01879198324766352,0.022079873793629204,18.265,18.251363636363635,18.242552083333333,18.231100917431192,0.019999999999999574,0.05000000000000071,0.05999999999999872,0.10999999999999943,0.018627270503202453,0.027446314910775985,0.03889889060337737,0.001508964825405605,0.998402414343721,8.862083087327491e-05,0.02229659439389286,0.9999113791691266,4.434190581645372e-05,0.6936049656332691,8.862083087327491e-05,0.0
158,300424.75,5989847.25,17.83,0.0051754916950666275,0.008651094591560854,0.013436149177202938,0.01686594457688443,17.82375,17.826363636363634,17.8271875,17.831766055045872,0.00999999999999801,0.00999999999999801,0.029999999999997584,0.03999999999999915,0.003636097756498202,0.002812321170495125,0.001765972705470631,0.00039988002000348826,0.9995001999400102,9.992003998636264e-05,0.02320214363215279,0.9999000799600136,4.9967514120449864e-05,0.6936573771185834,9.992003998636264e-05,0.0
159,300437.25,5989749.25,17.81,0.011649647450214429,0.013379720225746452,0.01495156519966164,0.015337945012538276,17.8125,17.824772727272727,17.829270833333332,17.82922018348624,0.019999999999999574,0.019999999999999574,0.019999999999999574,0.019999999999999574,0.01477091564447619,0.0192694076904445,0.01921952190605225,0.0007563276735651415,0.9974685826967736,0.0017750896296612395,0.06049406061762292,0.9982249103703388,0.0008870929465578826,0.6996530220652806,0.0017750896296612395,0.0
160,300469.5,5989408.25,18.16,0.014078859531734437,0.014699239887727837,0.015647736511734716,0.01729003994754665,18.15375,18.155454545454546,18.157083333333333,18.154633027522937,0.030000000000001137,0.030000000000001137,0.030000000000001137,0.05000000000000071,0.004544295312371105,0.00291638272756245,0.005366698940633796,0.0030151472153301696,0.9963111560446963,0.0006736967399734719,0.04383924609928845,0.9993263032600266,0.00033724318909944984,0.6959456285057337,0.0006736967399734719,0.0
161,300470.5,5989562.0,18.07,0.012464234547581601,0.033115213062159136,0.07196474119104847,0.09207038683542997,18.068749999999998,18.06681818181818,18.051302083333333,18.03401376146789,0.019999999999999574,0.08000000000000185,0.19000000000000128,0.240000000000002,0.0031754006340634078,0.018653147606528364,0.03592386093805545,0.0025719744150799304,0.9971074587258041,0.00032056685911601964,0.03422887007515592,0.999679433140884,0.00016046406456171727,0.6945976228784267,0.00032056685911601964,0.0
162,300513.75,5989421.25,18.2,0.008345229603962738,0.01074399384798263,0.013348186534867737,0.015254666179252153,18.20125,18.19909090909091,18.1990625,18.198853211009176,0.00999999999999801,0.019999999999999574,0.029999999999997584,0.029999999999997584,0.0009089838204090483,0.0009374591463711113,0.0011467586082289929,0.0011100871313233422,0.9987014431132709,0.00018846975540579656,0.028669708368331517,0.9998115302445942,9.42783219727495e-05,0.6940498417019253,0.00018846975540579656,0.0
163,300425.75,5989828.25,17.89,0.006408699444616173,0.008760375907831805,0.013094084965435123,0.016138357680764725,17.89875,17.905,17.903854166666665,17.900114678899083,0.0,0.0,0.010000000000001563,0.030000000000001137,0.014999742663349025,0.013853938922693489,0.010114468306710478,0.0005775531107828508,0.9992337761240517,0.00018867076516534116,0.028677350694338095,0.9998113292348346,9.435372883236362e-05,0.6940506008395257,0.00018867076516534116,0.0
164,300480.0,5989429.5,18.27,0.01669045920792593,0.01360885173943619,0.025082760048645864,0.031449867543633096,18.2425,18.23090909090909,18.232083333333332,18.226009174311926,0.03999999999999915,0.05999999999999872,0.09999999999999787,0.10999999999999943,0.03908616896660533,0.03790691826725379,0.043983934156131006,0.0014255725601701518,0.9948074129773128,0.0037670144625170034,0.07767020294493267,0.996232985537483,0.0018813047483740382,0.705529112560178,0.0037670144625170034,0.0
165,300459.25,5989606.75,18.1,0.005345224838247425,0.006220065735904814,0.009971600161113498,0.013431470801360621,18.105,18.10409090909091,18.106458333333332,18.10401376146789,0.0,0.010000000000001563,0.010000000000001563,0.020000000000003126,0.004090736263606232,0.00645815641973968,0.004013660109194461,0.0004442864583798522,0.9994669036194448,8.880992217540448e-05,0.022308482740671855,0.9999111900778246,4.441285495162281e-05,0.6936058879150926,8.880992217540448e-05,0.0
166,300479.25,5989417.25,18.13,0.007071067811864965,0.007338824902623694,0.013490733520641071,0.017480680346724845,18.1275,18.127954545454546,18.126510416666665,18.132477064220183,0.00999999999999801,0.019999999999999574,0.03999999999999915,0.05000000000000071,0.002045347871899139,0.0034894777636509393,0.0024770116592662816,0.0007107635144625378,0.9990673300459473,0.0002219064395902106,0.030271216646101832,0.9997780935604098,0.00011098034655889886,0.6941917703550916,0.0002219064395902106,0.0
167,300483.25,5989716.25,18.19,0.014577379737112702,0.015012327562984411,0.023239435970637976,0.030219334933667907,18.20125,18.205454545454547,18.197388888888888,18.182698863636364,0.010000000000001563,0.010000000000001563,0.0400000000000027,0.08999999999999986,0.015451450650289189,0.0056740494328550994,0.011859253914735746,0.003632372643884619,0.9960477417448215,0.00031988561129395166,0.03421065081265481,0.9996801143887061,0.0001602081493556037,0.6945947379286548,0.00031988561129395166,0.0
168,300468.5,5989512.5,18.13,0.0051754916950666275,0.007537783614444105,0.009209601181739444,0.013165211283804209,18.12375,18.113863636363636,18.1075,18.109036697247706,0.00999999999999801,0.029999999999997584,0.03999999999999915,0.05000000000000071,0.01613635102967237,0.022499744007291156,0.020962735972716477,0.00017780345031179562,0.999500088901725,0.00032210764796309255,0.03426993445314823,0.9996778923520369,0.0001610422044484958,0.6946030973998376,0.00032210764796309255,0.0
169,300412.0,5989846.25,17.72,0.0053452248382483735,0.004214141098829298,0.011933383848986507,0.017076707549643303,17.72,17.71909090909091,17.718385416666667,17.717270642201836,0.00999999999999801,0.00999999999999801,0.03999999999999915,0.04999999999999716,0.0009090900002775015,0.0016145117624546403,0.0027292300619592424,0.0002222419616970007,0.999466785195713,0.0003109728425900453,0.03387084633480479,0.99968902715741,0.00015547952337748757,0.6945582710271788,0.0003109728425900453,0.0
170,300426.75,5989848.75,17.85,0.0035355339059320342,0.008748300952529122,0.014507249797398786,0.019835597096094882,17.85125,17.855454545454545,17.851770833333333,17.850894495412845,0.0,0.010000000000001563,0.0400000000000027,0.05000000000000071,0.005453986450447701,0.0017707051440538637,0.0008944315739540798,8.889382629320446e-05,0.9997666874085598,0.00014441876514709632,0.026231288293553007,0.999855581234853,7.22073779184263e-05,0.693857901271674,0.00014441876514709632,0.0
171,300515.25,5989385.0,18.02,0.009258200997725318,0.018020425338678422,0.037155595612778494,0.04354008747748669,18.02,18.02090909090909,18.03421875,18.043600917431192,0.00999999999999801,0.030000000000001137,0.03999999999999915,0.03999999999999915,0.0009085424007935218,0.014209993212716654,0.023592603931319903,0.0015974440894570069,0.9984025559105429,1.1724607852528711e-28,2.447851270516784e-10,1.0,5.866990020529955e-29,0.6931468610712974,1.1724607852528711e-28,0.0
172,300442.75,5989866.5,17.97,0.004629100498861836,0.012199885626608046,0.018246661699506908,0.021549439929568023,17.9675,17.97,17.963958333333334,17.96178899082569,0.00999999999999801,0.029999999999997584,0.03999999999999915,0.05999999999999872,0.0,0.00604096148890676,0.008210361345845742,0.0,0.9996000000000002,0.00039999999999984086,0.03683294839671964,0.9996000000000002,0.00019996000799832076,0.6949116568655217,0.00039999999999984086,0.0
173,300431.0,5989873.75,17.87,0.0053452248382483735,0.005322575478577034,0.006683279910828547,0.01094392926161419,17.87,17.873636363636365,17.8734375,17.874977064220182,0.010000000000001563,0.010000000000001563,0.019999999999999574,0.030000000000001137,0.0036363472718221605,0.0034374826009297976,0.0049769862489483785,0.00022224196169766676,0.9994667851957122,0.0003109728425900767,0.033870846334805936,0.9996890271574099,0.00015547952337750337,0.6945582710271789,0.0003109728425900767,0.0
174,300423.0,5989773.25,17.98,0.024164614034339404,0.03616601958352419,0.035661865512511416,0.034461280878471,17.98125,17.971136363636365,17.95796875,17.96224770642202,0.030000000000001137,0.07000000000000028,0.10000000000000142,0.10999999999999943,0.00884508527815342,0.022030990186067356,0.017751968097400095,0.010599558974336284,0.98921553519282,0.00018490583284368892,0.028532839702394907,0.9998150941671563,9.293686904944762e-05,0.6940242893514921,0.00018490583284368892,0.0
175,300512.25,5989404.75,18.12,0.0051754916950666275,0.007309960189384881,0.012395725632717083,0.016490005409123123,18.12375,18.125227272727273,18.119479166666668,18.115183486238532,0.0,0.0,0.030000000000001137,0.0400000000000027,0.00522709696815582,0.0005208311904425501,0.004816444918105844,0.00039988002000382116,0.9995001999400098,9.992003998636266e-05,0.023202143632152793,0.9999000799600136,4.996751412044988e-05,0.6936573771185836,9.992003998636266e-05,0.0
176,300476.0,5989600.25,18.14,0.010606601717797778,0.011232221093696308,0.013037735539311613,0.016791376720607955,18.13625,18.1425,18.150833333333335,18.15465596330275,0.019999999999999574,0.019999999999999574,0.019999999999999574,0.019999999999999574,0.0024997884638651158,0.010833083714260285,0.014655411545390962,0.0015097174738846332,0.997903170406695,0.0005871121194204319,0.0418657318781886,0.9994128878805796,0.00029369154040408477,0.6956255598309656,0.0005871121194204319,0.0
177,300471.75,5989419.5,18.14,0.0051754916950666275,0.01728232180392641,0.016420188803696882,0.015103006719833709,18.14625,18.151136363636365,18.152395833333333,18.15201834862385,0.0,0.019999999999999574,0.019999999999999574,0.030000000000001137,0.011130373983178288,0.01239479472860694,0.012018033339700198,0.00017780345031146258,0.9995000889017254,0.00032210764796309277,0.034269934453148236,0.9996778923520369,0.0001610422044484959,0.6946030973998376,0.00032210764796309277,0.0
178,300458.25,5989690.0,18.14,0.0053452248382483735,0.013379720225746041,0.01323329069234105,0.01662653081502425,18.14,18.145227272727272,18.151354166666668,18.142270642201833,0.010000000000001563,0.030000000000001137,0.030000000000001137,0.03999999999999915,0.005226958957791794,0.01135407161200419,0.002270639071866754,0.00017780937709214323,0.9994667614983348,0.00035542912457313695,0.03541250897036111,0.9996445708754269,0.00017769878088027467,0.6947361919183079,0.00035542912457313695,0.0
179,300493.75,5989459.0,18.01,0.0035355339059332906,0.011099682870734357,0.017697942490918953,0.02136272756139035,17.99875,17.995227272727274,17.991197916666668,17.997614678899083,0.020000000000003126,0.0400000000000027,0.08999999999999986,0.08999999999999986,0.014772549078770682,0.01880201768108236,0.012385268434627505,8.889382629331549e-05,0.9997666874085596,0.00014441876514719885,0.026231288293559214,0.9998555812348529,7.220737791847757e-05,0.6938579012716745,0.00014441876514719885,0.0
180,300418.5,5989864.25,17.78,0.007440238091428675,0.012915402084087323,0.01591864131643293,0.017969357727711608,17.77625,17.77227272727273,17.7725,17.77146788990826,0.010000000000001563,0.030000000000001137,0.0400000000000027,0.05000000000000071,0.0077251013135537505,0.007499193743569777,0.008531620209396353,0.0005777070171032295,0.9989672636305839,0.0004550293523129158,0.03845263680021449,0.9995449706476871,0.00022752863249711174,0.6951254942610453,0.0004550293523129158,0.0
181,300473.5,5989422.5,18.15,0.009161253813128952,0.00762146185197452,0.009134532363557534,0.010011566652397663,18.15375,18.15477272727273,18.155572916666667,18.157912844036698,0.00999999999999801,0.00999999999999801,0.00999999999999801,0.00999999999999801,0.004772445558046456,0.005572900035986095,0.007912810866400832,0.0011103826319304926,0.9984350729327904,0.0004545444352790229,0.03844239078977396,0.999545455564721,0.00022734676898700495,0.695123982252013,0.0004545444352790229,0.0
182,300499.25,5989559.0,17.84,0.007559289460185727,0.008711975670568476,0.018960784366806892,0.027503635452278893,17.84,17.845909090909092,17.848333333333333,17.851215596330274,0.010000000000001563,0.010000000000001563,0.03999999999999915,0.05999999999999872,0.005908830746193416,0.008332113786309492,0.011213872799999082,0.0007552197249008258,0.9989341389010391,0.00031064137406006256,0.033861818923739316,0.99968935862594,0.00015535522081396326,0.6945572019849755,0.00031064137406006256,0.0
183,300466.5,5989530.5,18.11,0.01187734939165441,0.008844439014427014,0.011710215405860832,0.01219001377058677,18.10625,18.11090909090909,18.106041666666666,18.103440366972478,0.019999999999999574,0.019999999999999574,0.03999999999999915,0.03999999999999915,0.0009090544081118423,0.003958291843446205,0.006559576027939329,0.0022182027876652337,0.9973725079340082,0.0004092892783265703,0.03712943132335298,0.9995907107216734,0.00020482989894894777,0.6949490839853102,0.0004092892783265703,0.0
184,300488.5,5989485.0,17.94,0.016850180160121277,0.021487987695965577,0.02053574544998826,0.022763472555846785,17.95625,17.96181818181818,17.966145833333332,17.972706422018348,0.0,0.010000000000001563,0.030000000000001137,0.030000000000001137,0.02180047816364095,0.026142479611735325,0.03270451699063415,0.004296817869795861,0.99472277313471,0.0009804089954941228,0.04968246614308765,0.9990195910045059,0.0004910187071459749,0.6970364992633405,0.0009804089954941228,0.0
185,300462.0,5989827.5,18.04,0.0051754916950666275,0.011908300088327165,0.026740411910530594,0.052373225613394636,18.03625,18.030227272727274,18.028697916666665,18.03018348623853,0.00999999999999801,0.029999999999997584,0.05999999999999872,0.11999999999999744,0.009771864642971195,0.011299036181299018,0.00981167904683389,4.446272266309066e-05,0.9995000222313616,0.0004555150459753286,0.038462888273819926,0.9995444849540247,0.00022771072247690567,0.6951269368307568,0.0004555150459753286,0.0
186,300476.75,5989624.0,18.22,0.015059406173076686,0.025683057651243388,0.03625910098187687,0.042641079091267006,18.22625,18.21909090909091,18.214322916666667,18.21337155963303,0.019999999999999574,0.04999999999999716,0.05999999999999872,0.0799999999999983,0.0009080235595320119,0.005673892683262238,0.006626107431657147,0.0036333348140738745,0.9957820477840464,0.0005846174018796863,0.0418211694213899,0.9994153825981203,0.00029275496451876043,0.6956172202266888,0.0005846174018796863,0.0
187,300429.75,5989713.5,17.74,0.009161253813128883,0.011374835918710694,0.01925193492236037,0.032414066828400374,17.73375,17.72909090909091,17.729791666666667,17.727064220183486,0.019999999999999574,0.029999999999997584,0.05999999999999872,0.10999999999999943,0.010907257281360216,0.01020688790595159,0.012933277728734538,0.0014204069663401972,0.9984355586375808,0.0001440343960789222,0.026213814455867308,0.9998559656039212,7.206318777756355e-05,0.6938563745432511,0.0001440343960789222,0.0
188,300409.75,5989828.0,17.71,0.007440238091428504,0.008801300357856447,0.011449180675698912,0.013937770502580474,17.70625,17.704102564102563,17.70598484848485,17.708436363636363,0.019999999999999574,0.019999999999999574,0.019999999999999574,0.019999999999999574,0.006419982433726545,0.0068028351161046885,0.0033141380481538363,0.0005777070171032295,0.9989672636305839,0.00045502935231286846,0.03845263680021316,0.9995449706476871,0.00022752863249708808,0.6951254942610451,0.00045502935231286846,0.0
189,300427.25,5989851.75,17.83,0.0035355339059332906,0.008105410194346241,0.015037765141594687,0.01667398341978971,17.83875,17.8425,17.848958333333332,17.851559633027524,0.0,0.0,0.0,0.019999999999999574,0.012499099706474226,0.018956850657559702,0.02155864734595525,4.445086475187665e-05,0.9997666770385348,0.00018887209671326346,0.028684997095780426,0.9998111279032867,9.442922956379835e-05,0.694051289713705,0.00018887209671326346,0.0
190,300454.0,5989701.25,18.09,0.007559289460185726,0.012939932784412845,0.018005961781750873,0.026453646693588843,18.085,18.08,18.081875,18.081651376146787,0.010000000000001563,0.03999999999999915,0.03999999999999915,0.0799999999999983,0.009997767934692094,0.00812417411361821,0.008347613609657856,0.0007995733903745805,0.9989341862116156,0.0002662403980099122,0.0321658243805214,0.99973375960199,0.00013315570717083403,0.6943762313140216,0.0002662403980099122,0.0
191,300437.0,5989750.25,17.84,0.006408699444617559,0.011890533125671846,0.014549293356475784,0.017286974931063886,17.84125,17.83568181818182,17.834062499999998,17.83185779816514,0.010000000000001563,0.05000000000000071,0.05000000000000071,0.05000000000000071,0.004317878498113714,0.005937131267273799,0.008141803482430987,0.000577553110782296,0.9992337761240522,0.00018867076516542022,0.0286773506943421,0.9998113292348346,9.435372883240314e-05,0.694050600839526,0.00018867076516542022,0.0
192,300509.75,5989516.75,18.45,0.009258200997725317,0.016998631955898416,0.03191149719538037,0.03917693220375118,18.445,18.4375,18.447843137254903,18.4432119205298,0.019999999999999574,0.05000000000000071,0.07000000000000028,0.0799999999999983,0.012497493720729837,0.0014008314319653439,0.0002815561892930418,0.0012876293576984457,0.9984020602069719,0.00031031043532974404,0.03385279632343875,0.9996896895646703,0.0001552310727972642,0.6945560631084723,0.00031031043532974404,0.0
193,300516.75,5989386.0,18.1,0.011649647450214538,0.017011064674295875,0.029263380540586612,0.04530866523079557,18.0975,18.091136363636362,18.083489583333332,18.087087155963303,0.020000000000003126,0.060000000000002274,0.08999999999999986,0.11000000000000298,0.00886035864823498,0.01650560527923517,0.012908114171295894,0.0023504358464602536,0.9974726211041433,0.0001769430493965857,0.028078855626265466,0.9998230569506035,8.856777540924481e-05,0.6940001534475813,0.0001769430493965857,0.0
194,300519.75,5989434.5,18.17,0.004629100498863481,0.009241875467482608,0.015336449954526413,0.018230994578121672,18.1675,18.167272727272728,18.167135416666667,18.167040572792363,0.010000000000001563,0.020000000000003126,0.030000000000001137,0.0400000000000027,0.0027270190403214656,0.0028643309801736905,0.0017201492782987766,0.00022221233734002856,0.9996000888849349,0.0001776987777251478,0.028108800416644587,0.9998223012222749,8.885136640787162e-05,0.6940032887570752,0.0001776987777251478,0.0
195,300418.5,5989839.5,17.79,0.0064086994446166685,0.010206638804577076,0.021847480196236294,0.028098617777311707,17.791249999999998,17.790681818181817,17.792083333333334,17.79139908256881,0.00999999999999801,0.019999999999999574,0.03999999999999915,0.05000000000000071,0.0006817279866595528,0.00208289021429664,0.0013988615573907737,0.00039998660845104277,0.9992336399897325,0.0003663734018165377,0.03577343966511061,0.9996336265981834,0.00018318977970622815,0.6947797019139141,0.0003663734018165377,0.0
196,300486.0,5989384.5,18.02,0.005175491695068465,0.011288546834760469,0.021200795100997705,0.026626287576936303,18.02375,18.02431818181818,18.014114583333335,18.01224770642202,0.0,0.019999999999999574,0.05999999999999872,0.07000000000000028,0.004317177503253333,0.005884394151507877,0.0077513086289400235,0.00039988002000382127,0.9995001999400097,9.992003998643356e-05,0.02320214363215828,0.9999000799600136,4.9967514120485325e-05,0.6936573771185839,9.992003998643356e-05,0.0
197,300437.0,5989785.0,17.98,0.011952286093343256,0.011288546834760322,0.010892617021847123,0.013578910023524219,17.975,17.97431818181818,17.971822916666667,17.97454128440367,0.019999999999999574,0.019999999999999574,0.030000000000001137,0.03999999999999915,0.005680854472302599,0.008176893898053096,0.0054586441146966536,0.002218276432675631,0.9973392487371534,0.00044247483017099005,0.038106332974475195,0.999557525169829,0.00022143402653508002,0.6950779401489955,0.00044247483017099005,0.0
198,300449.75,5989790.25,18.07,0.01388730149658889,0.011455862537118137,0.013261696737184163,0.014472043760882515,18.0775,18.076136363636362,18.074791666666666,18.07770642201835,0.010000000000001563,0.019999999999999574,0.019999999999999574,0.030000000000001137,0.006135918798008788,0.0047916484732013495,0.007706373038217862,0.002838509026865259,0.9964102186324965,0.0007512723406382322,0.045458082386615695,0.9992487276593617,0.0003760286006643047,0.6962267890542371,0.0007512723406382322,0.0
199,300425.0,5989865.0,17.82,0.0035355339059320342,0.006249735723798882,0.010782915636946536,0.014614307429754425,17.82125,17.825681818181817,17.82296875,17.82229357798165,0.0,0.010000000000001563,0.030000000000001137,0.03999999999999915,0.005681776990968501,0.002968675409647404,0.0022935023589525376,8.889382629331547e-05,0.9997666874085597,0.00014441876514709618,0.026231288293553,0.999855581234853,7.220737791842623e-05,0.693857901271674,0.00014441876514709618,0.0
