,Depth,Standard Deviation 0.5,Standard Deviation 1,Standard Deviation 2,Standard Deviation 3,Mean 0.5,Mean 1,Mean 2,Mean 3,Dz 0.5,Dz 1,Dz 2,dz 3,Dp 1,Dp 2,Dp 3,Linearity,Planarity,Sphericity,Omnivariance,Anisotropy,Change of Curvature,Eigenentropy,Scattering
0,19.89,0.009258200997725317,0.011511094014569604,0.013021725536622389,0.014161807293818832,19.884999999999998,19.88022727272727,19.881927083333334,19.882935779816513,0.019999999999999574,0.030000000000001137,0.030000000000001137,0.030000000000001137,0.009770718068466522,0.00807239179721364,0.007063996351462265,0.0012876293576984457,0.998402060206972,0.00031031043532958645,0.03385279632343303,0.9996896895646705,0.00015523107279718539,0.6945560631084717,0.00031031043532958645
1,20.13,0.014577379737112702,0.01605191103202786,0.024003481059355774,0.028522942882470984,20.13875,20.15068181818182,20.15802083333333,20.156725,0.00999999999999801,0.00999999999999801,0.00999999999999801,0.03999999999999915,0.02067464467836544,0.028016980926622637,0.028346601262455806,0.0035883928085121302,0.9960475672914744,0.0003640399000135016,0.03571631545799056,0.9996359600999865,0.00018231387213869582,0.6947711748703704,0.0003640399000135016
2,19.87,0.010606601717798196,0.017942532176032408,0.02058528157753828,0.02697958148575471,19.85625,19.846136363636365,19.835572916666667,19.838967889908258,0.030000000000001137,0.060000000000002274,0.08000000000000185,0.14000000000000057,0.02385292507824488,0.03442423809610773,0.031029240984935313,0.0015097174738845226,0.9979031704066949,0.0005871121194206605,0.04186573187819403,0.9994128878805794,0.0002936915404041991,0.6956255598309666,0.0005871121194206605
3,19.81,0.0118773493916535,0.008336856196873774,0.012019109275798771,0.017358563593893046,19.81375,19.81159090909091,19.812291666666667,19.81254587155963,0.00999999999999801,0.00999999999999801,0.03999999999999915,0.04999999999999716,0.0015908330310594465,0.0022916109483048785,0.0025458357158640865,0.002218202787665566,0.997372507934008,0.0004092892783264529,0.037129431323349435,0.9995907107216736,0.00020482989894888906,0.6949490839853097,0.0004092892783264529
4,20.25,0.007440238091428675,0.008757358729884902,0.014695776927788924,0.01536540415472776,20.24375,20.239772727272726,20.23255208333333,20.231353211009175,0.019999999999999574,0.030000000000001137,0.07000000000000028,0.07000000000000028,0.010226417260128073,0.017447228376113347,0.018646724851350882,0.0008882275388736828,0.9989675845017895,0.00014418795933681178,0.026220801196570935,0.9998558120406631,7.212081003699379e-05,0.6938570380104375,0.00014418795933681178
5,20.13,0.0070710678118656835,0.009453905084834496,0.009475645046124047,0.009124954225832137,20.1175,20.113863636363636,20.110885416666665,20.110642201834864,0.019999999999999574,0.029999999999997584,0.03999999999999915,0.03999999999999915,0.01613458085921593,0.019114457180876343,0.01935768273096983,0.0007107635144633144,0.9990673300459465,0.0002219064395901471,0.03027121664609895,0.9997780935604098,0.00011098034655886715,0.6941917703550914,0.0002219064395901471
6,19.66,0.012817398889233634,0.019561795617481996,0.024373475698523887,0.025276578282680803,19.6675,19.668181818181818,19.660833333333333,19.662981651376146,0.010000000000001563,0.030000000000001137,0.05000000000000071,0.05999999999999872,0.008176667226507563,0.0008331777971761768,0.002981463920150418,0.002881076494728959,0.9969421686345843,0.00017675487068673522,0.028071379394991422,0.9998232451293132,8.849709765078861e-05,0.6939991945232192,0.00017675487068673522
7,19.8,0.0051754916950666275,0.008352690695845587,0.007934443163017627,0.008301880959136011,19.80625,19.81,19.812135416666667,19.813715596330276,0.0,0.010000000000001563,0.019999999999999574,0.019999999999999574,0.009999248519307002,0.012135393322751042,0.013715594632230932,0.00039988002000348826,0.9995001999400102,9.992003998636268e-05,0.023202143632152793,0.9999000799600136,4.9967514120449885e-05,0.6936573771185834,9.992003998636268e-05
8,20.25,0.009910312089651737,0.009423105963759533,0.009134532363557706,0.011847567828033399,20.24875,20.253636363636364,20.254427083333333,20.25211009174312,0.019999999999999574,0.019999999999999574,0.019999999999999574,0.030000000000001137,0.003636168537923368,0.004427045832926524,0.0021100625062899785,0.0011106782897274587,0.9981687029101975,0.0007206188000749457,0.04481902099814633,0.999279381199925,0.0003603796847954391,0.6961147619608566,0.0007206188000749457
9,19.74,0.006408699444617559,0.010664992821451773,0.017019391465733683,0.01888457365731926,19.74875,19.755454545454548,19.756875,19.760619266055045,0.0,0.00999999999999801,0.019999999999999574,0.019999999999999574,0.015453556457941888,0.016874250784894684,0.0206187543649321,0.00039998660845004384,0.9992336399897334,0.0003663734018166567,0.035773439665114475,0.9996336265981833,0.00018318977970628754,0.6947797019139147,0.0003663734018166567
10,19.85,0.005175491695068465,0.0065833411387906824,0.013522329797093849,0.018544345646507615,19.84625,19.84409090909091,19.844375,19.841077981651377,0.010000000000001563,0.020000000000003126,0.030000000000001137,0.05000000000000071,0.005908798246309743,0.0056246999083668925,0.008921559106966017,0.00039988002000382127,0.9995001999400097,9.992003998643362e-05,0.023202143632158282,0.9999000799600136,4.996751412048535e-05,0.6936573771185839,9.992003998643362e-05
11,19.77,0.0064086994446166685,0.01001848186395281,0.020117185051105886,0.021375705968510152,19.778750000000002,19.782045454545454,19.787604166666668,19.786467889908256,0.0,0.0,0.019999999999999574,0.030000000000001137,0.012044699891703205,0.017602410687686646,0.016466971986119464,0.0003999866084511538,0.9992336399897324,0.0003663734018165377,0.03577343966511061,0.9996336265981834,0.00018318977970622815,0.6947797019139141,0.0003663734018165377
12,19.89,0.01125991626459616,0.019393553995466394,0.024917840563731062,0.0372209431373713,19.89125,19.892272727272726,19.889791666666667,19.88965596330275,0.010000000000001563,0.030000000000001137,0.03999999999999915,0.060000000000002274,0.0022710376811119204,0.00020828141202855477,0.0003439557258388959,0.0021734541267217408,0.9976384771747667,0.00018806869851158796,0.028654435929590372,0.9998119313014884,9.412778922635379e-05,0.6940481130856814,0.00018806869851158796
13,19.75,0.008345229603964107,0.013799761005376497,0.02129883516958508,0.026474845253422377,19.75125,19.75840909090909,19.77234375,19.775045871559634,0.010000000000001563,0.019999999999999574,0.03999999999999915,0.03999999999999915,0.008408635803789368,0.02234342764859321,0.025044274631000008,0.0004446270664341977,0.9987005780151861,0.0008547949183796856,0.04743554301921022,0.9991452050816203,0.0004273098248133634,0.6965932559059506,0.0008547949183796856
14,20.1,0.008345229603962738,0.007240945355448606,0.011560222465657915,0.011838374269569766,20.09875,20.098181818181818,20.101875,20.103004587155965,0.010000000000001563,0.010000000000001563,0.020000000000003126,0.020000000000003126,0.0018180363695137205,0.0018749264709185809,0.0030045591047382914,0.001154388148384115,0.9987015007045926,0.00014411114702327733,0.026217307360737546,0.9998558888529766,7.209198995135376e-05,0.6938567150634332,0.00014411114702327733
15,19.86,0.011649647450214646,0.011054353508959952,0.014214450774484367,0.01786725041974688,19.8625,19.87181818181818,19.871041666666667,19.870871559633027,0.019999999999999574,0.019999999999999574,0.030000000000001137,0.030000000000001137,0.011817462080216501,0.011041077756999586,0.010871018612306216,0.0016432005150709382,0.9974708294413044,0.0008859700436247281,0.04801416773112131,0.9991140299563753,0.00044315280621655114,0.6967045740192994,0.0008859700436247281
16,19.57,0.007440238091428675,0.00921897115601687,0.012767961205036883,0.01889619880348177,19.56375,19.55818181818182,19.565572916666667,19.567018348623854,0.019999999999999574,0.030000000000001137,0.030000000000001137,0.03999999999999915,0.011817662962130271,0.004426919323449852,0.0029815578473062487,0.0008882275388734609,0.9989675845017897,0.00014418795933681164,0.026220801196570925,0.9998558120406631,7.21208100369937e-05,0.6938570380104376,0.00014418795933681164
17,20.33,0.005345224838247425,0.009230430416072757,0.01792673425493693,0.021624070914095322,20.325,20.32409090909091,20.3246875,20.32373853211009,0.00999999999999801,0.019999999999999574,0.03999999999999915,0.04999999999999716,0.005908436214667745,0.005311938664817717,0.0062610323511762545,0.0004442864583798522,0.9994669036194448,8.880992217540434e-05,0.02230848274067184,0.9999111900778246,4.441285495162274e-05,0.6936058879150926,8.880992217540434e-05
18,19.6,0.016690459207925248,0.02736006101398928,0.024988653620656037,0.026494623896819964,19.607499999999998,19.606590909090908,19.606666666666666,19.60630733944954,0.010000000000001563,0.05000000000000071,0.05000000000000071,0.05000000000000071,0.006583268695976585,0.006665286549832673,0.00630667073346558,0.004428094879492206,0.994823026093374,0.000748879027133732,0.04542181022831354,0.9992511209728664,0.00037512960496149765,0.6962188707678612,0.000748879027133732
19,19.54,0.007440238091427907,0.013332232160306573,0.022087551870770168,0.024802797037930174,19.53375,19.538863636363637,19.5446875,19.544174311926607,0.019999999999999574,0.019999999999999574,0.03999999999999915,0.05000000000000071,0.0011360619100742042,0.004686771106207743,0.004173924549832009,0.000710834512653523,0.9989674011956625,0.0003217642916839121,0.03426080052316264,0.999678235708316,0.00016091344915756641,0.6946020028431721,0.0003217642916839121
20,20.16,0.010606601717799093,0.01511058601527955,0.01910719965180794,0.020888759971721408,20.16375,20.163636363636364,20.1634375,20.16158256880734,0.010000000000001563,0.019999999999999574,0.03999999999999915,0.05000000000000071,0.0036348137364257127,0.0034369984787190333,0.001582468637934653,0.0019962068085806416,0.9979041920342969,9.96011571224537e-05,0.023183601386608535,0.9999003988428776,4.9847849417686164e-05,0.693655795669517,9.96011571224537e-05
21,20.23,0.0053452248382483735,0.008565134102787222,0.015313763214982021,0.0162268500080321,20.23,20.23318181818182,20.229791666666667,20.228233944954127,0.010000000000001563,0.010000000000001563,0.030000000000001137,0.03999999999999915,0.003181511481670896,0.00020831900474149734,0.0017660087250988,8.892050155307171e-05,0.9994667140909341,0.00044436540751275857,0.03814696889340562,0.9995556345924872,0.00022214322391771177,0.6950840307845759,0.00044436540751275857
22,19.83,0.004629100498863481,0.008453329153910942,0.014210517545133115,0.02176988933896201,19.8325,19.832727272727272,19.83609375,19.83711009174312,0.0,0.00999999999999801,0.029999999999997584,0.04999999999999716,0.0027270248356217057,0.006093315977750535,0.007109468680937426,0.0001777856723390738,0.9996000711142691,0.00022214321339186207,0.030279287356400873,0.9997778567866081,0.0001110691433188888,0.6941925765925305,0.00022214321339186207
23,19.74,0.004629100498861836,0.02671595163720692,0.019560995020141476,0.023749589982973655,19.737499999999997,19.725454545454546,19.72578125,19.71711009174312,0.00999999999999801,0.09999999999999787,0.09999999999999787,0.09999999999999787,0.014535369584336877,0.014217910247680265,0.022889475349870736,0.0002222123373404726,0.9996000888849346,0.00017769877772502143,0.02810880041663793,0.999822301222275,8.885136640780847e-05,0.6940032887570746,0.00017769877772502143
24,20.21,0.009258200997725317,0.010363376726097091,0.010280612355370106,0.0134738000574829,20.205000000000002,20.206363636363637,20.211927083333332,20.212408256880735,0.019999999999999574,0.030000000000001137,0.030000000000001137,0.05000000000000071,0.003636002667917637,0.001927056511703995,0.0024082291129161604,0.0008887303307197256,0.99840142196853,0.0007098477007503058,0.04459318878778045,0.9992901522992498,0.00035495559807060547,0.6960755340288668,0.0007098477007503058
25,20.24,0.007440238091427907,0.011272147567444117,0.014055099128726706,0.0159056289723621,20.23625,20.23409090909091,20.2384375,20.240756880733944,0.00999999999999801,0.029999999999997584,0.029999999999997584,0.029999999999997584,0.005907850019866601,0.0015623993313056417,0.000756854522478534,0.0008882275388731282,0.99896758450179,0.00014418795933685138,0.02622080119657333,0.9998558120406631,7.212081003701356e-05,0.6938570380104377,0.00014418795933685138
26,19.92,0.0053452248382483735,0.017436080790110362,0.03232264671095794,0.03679416905738418,19.92,19.917272727272728,19.928854166666667,19.940935064935065,0.010000000000001563,0.0400000000000027,0.060000000000002274,0.060000000000002274,0.0027258613554295157,0.008850572601659223,0.01739448522857856,0.00022224196169666762,0.9994667851957133,0.0003109728425900453,0.03387084633480479,0.99968902715741,0.00015547952337748757,0.6945582710271788,0.0003109728425900453
27,19.55,0.008864052604278852,0.01326267394172693,0.028449612541336596,0.03561025507902474,19.5525,19.55090909090909,19.553541666666668,19.557385321100917,0.010000000000001563,0.019999999999999574,0.060000000000002274,0.08000000000000185,0.0009090122257475742,0.0035413643272477206,0.007384887816442642,0.0012874580852297343,0.998535221605192,0.00017732030957831046,0.028093820042028764,0.9998226796904217,8.870939461416342e-05,0.6940018614041397,0.00017732030957831046
28,20.15,0.007440238091427907,0.0069542449050004045,0.007428921151264003,0.0075976942262223944,20.14375,20.144318181818182,20.144566473988437,20.14543859649123,0.019999999999999574,0.019999999999999574,0.019999999999999574,0.019999999999999574,0.005681631933839526,0.004789695172803477,0.003962656275234623,0.0008882275388731282,0.99896758450179,0.00014418795933685122,0.02622080119657332,0.9998558120406631,7.212081003701348e-05,0.6938570380104377,0.00014418795933685122
29,19.89,0.005175491695068465,0.006643281748428558,0.011067454410135196,0.011670974333168485,19.88625,19.890227272727273,19.89515625,19.892729357798164,0.010000000000001563,0.010000000000001563,0.019999999999999574,0.030000000000001137,0.00022726484894519672,0.005156061888555996,0.0027293447383272,0.000355480491421796,0.9995001777402449,0.00014434176833322263,0.02622779166261114,0.9998556582316668,7.217850400519637e-05,0.6938576311286412,0.00014434176833322263
30,20.34,0.0035355339059332906,0.012564842389406448,0.0215528668379734,0.020938879534428766,20.33875,20.33159090909091,20.317135416666666,20.31309633027523,0.010000000000001563,0.05000000000000071,0.08999999999999986,0.08999999999999986,0.008408909860008864,0.02286394162024408,0.026903089303232264,4.445086475187665e-05,0.9997666770385348,0.0001888720967132634,0.028684997095780422,0.9998111279032867,9.442922956379832e-05,0.694051289713705,0.0001888720967132634
31,19.98,0.014880476182856752,0.032797669179288856,0.04196859412310762,0.04212570508607843,19.9625,19.94181818181818,19.93359375,19.92823394495413,0.03999999999999915,0.10999999999999943,0.129999999999999,0.129999999999999,0.0381102642568294,0.046375789857847856,0.05175258374401892,0.003984590798649661,0.9958831363086348,0.00013227289271553215,0.02549096641585865,0.9998677271072844,6.626408151162986e-05,0.6938031031485804,0.00013227289271553215
32,20.2,0.016035674514744806,0.026676354829262942,0.0346608081076255,0.03828182675949901,20.205,20.21,20.208177083333332,20.2048623853211,0.00999999999999801,0.019999999999999574,0.05000000000000071,0.05000000000000071,0.009986157234379789,0.008173191597961706,0.004861078841713606,0.00447020713998045,0.9952214569942727,0.00030833586574691456,0.03379876153281992,0.9996916641342531,0.0001544894154035278,0.6945477695710143,0.00030833586574691456
33,20.31,0.007559289460184384,0.00685087300188391,0.010359880117831474,0.01577630187776944,20.31,20.306363636363635,20.300052083333334,20.300550458715595,0.00999999999999801,0.00999999999999801,0.029999999999997584,0.04999999999999716,0.0036363554554554867,0.00994781678491563,0.009449238765228076,0.0007995733903741365,0.9989341862116161,0.0002662403980098178,0.032165824380517606,0.9997337596019902,0.0001331557071707868,0.694376231314021,0.0002662403980098178
34,19.92,0.005175491695068465,0.009542937350573306,0.010688427097660347,0.010479865753286386,19.91375,19.912954545454546,19.91640625,19.9175,0.010000000000001563,0.030000000000001137,0.030000000000001137,0.030000000000001137,0.007044682759442367,0.0035936389685957693,0.0024999763954838272,8.891753684528616e-05,0.9995000444587678,0.0004110380043868802,0.03716902615139304,0.9995889619956131,0.00020548590658528887,0.6949548150865041,0.0004110380043868802
35,20.24,0.007440238091428675,0.010363376726097967,0.016544600992152637,0.020716000924287103,20.24375,20.243636363636362,20.2428125,20.24520642201835,0.00999999999999801,0.019999999999999574,0.029999999999997584,0.03999999999999915,0.003635865897649637,0.0028122689109295607,0.005206084839301185,0.0005777070171031186,0.998967263630584,0.00045502935231282195,0.03845263680021184,0.9995449706476871,0.00022752863249706477,0.695125494261045,0.00045502935231282195
36,19.78,0.005175491695068465,0.010414252715363332,0.01558408692450461,0.02647296317346835,19.77625,19.76409090909091,19.761927083333333,19.766215596330277,0.010000000000001563,0.0400000000000027,0.05000000000000071,0.060000000000002274,0.01590838598440314,0.018071335735420746,0.013782750256723375,8.891753684484203e-05,0.9995000444587683,0.00041103800438688,0.037169026151393024,0.9995889619956131,0.00020548590658528868,0.6949548150865041,0.00041103800438688
37,19.84,0.007559289460184048,0.013086151355301336,0.016179620042264108,0.021160668968856735,19.855,19.86090909090909,19.86,19.858073394495413,-0.010000000000001563,0.0,0.05000000000000071,0.05000000000000071,0.02090675340150483,0.01999948307638988,0.0180728007981088,0.0005777262611559869,0.9989339495746797,0.0004883241641643097,0.03936786215576513,0.9995116758358357,0.0002441729968711294,0.6952529757031222,0.0004883241641643097
38,19.52,0.005345224838249323,0.012846191285430792,0.025197159434948383,0.03792473535237094,19.525714285714287,19.52310344827586,19.509906542056076,19.501521739130435,0.0,0.03999999999999915,0.0799999999999983,0.120000000000001,0.0021769199520349503,0.013630338435177691,0.027095541998278353,0.3811460974322364,0.6187787455563897,7.515701137391837e-05,0.022213895610845476,0.999924842988626,4.642390655057884e-05,0.6656475548683599,7.515701137391837e-05
39,19.72,0.0035355339059332906,0.006270842625233794,0.011241068300012754,0.016481619012395674,19.721249999999998,19.725454545454546,19.729890710382513,19.732144846796658,0.0,0.0,0.00999999999999801,0.019999999999999574,0.005454539147649485,0.009573548482876506,0.008538277659681626,8.889382629331549e-05,0.9997666874085596,0.00014441876514719894,0.02623128829355922,0.9998555812348529,7.220737791847761e-05,0.6938579012716745,0.00014441876514719894
40,19.73,0.008864052604279138,0.017991071311471415,0.01770633778921407,0.01863348008816746,19.7225,19.708636363636362,19.6978125,19.694220183486237,0.019999999999999574,0.05000000000000071,0.08000000000000185,0.08999999999999986,0.021354530603275638,0.03218544273840962,0.03577860298719316,0.0007111423353354433,0.9985343763420914,0.0007544813225732045,0.04550653547555937,0.9992455186774268,0.0003772324868496356,0.6962363922561481,0.0007544813225732045
41,19.81,0.005175491695068465,0.01042439811739421,0.015366025736861591,0.01664592719957774,19.81375,19.812727272727273,19.812604166666667,19.810619266055046,0.0,0.019999999999999574,0.04999999999999716,0.04999999999999716,0.002726916885876563,0.002604040302685462,0.0006192464716150425,0.00039988002000382127,0.9995001999400097,9.992003998643356e-05,0.02320214363215828,0.9999000799600136,4.9967514120485325e-05,0.6936573771185839,9.992003998643356e-05
42,19.75,0.017268882005338652,0.020110687365185217,0.025826594431519318,0.02857067288586498,19.75125,19.760454545454547,19.778385416666666,19.782041284403668,0.019999999999999574,0.03999999999999915,0.03999999999999915,0.07000000000000028,0.01045108900871128,0.02838459375925595,0.03204116600954876,0.0044297059563038355,0.9944579920298228,0.0011123020138733494,0.051815041690125345,0.9988876979861265,0.0005570750283843707,0.6974895607824718,0.0011123020138733494
43,20.28,0.0035355339059320342,0.008963161628843636,0.013856087648447942,0.014847727933296322,20.26875,20.26181818181818,20.26109375,20.26506880733945,0.019999999999999574,0.0400000000000027,0.060000000000002274,0.060000000000002274,0.018181347171776,0.018906204197264742,0.01493116757626467,8.889382629331547e-05,0.9997666874085597,0.00014441876514709613,0.026231288293552996,0.999855581234853,7.22073779184262e-05,0.693857901271674,0.00014441876514709613
44,19.52,0.007440238091428078,0.008684632000319291,0.011024005022516508,0.01352876722225997,19.51625,19.513863636363638,19.515989583333333,19.51889145496536,0.019999999999999574,0.030000000000001137,0.030000000000001137,0.030000000000001137,0.006136347335996106,0.004010365726571763,0.0012165368207206486,0.0005777070171032295,0.9989672636305839,0.000455029352312845,0.03845263680021249,0.9995449706476871,0.00022752863249707634,0.695125494261045,0.000455029352312845
45,19.92,0.005175491695068465,0.00692759289655473,0.008822468539722345,0.010201802240534994,19.91625,19.91409090909091,19.913333333333334,19.912844036697248,0.010000000000001563,0.020000000000003126,0.030000000000001137,0.030000000000001137,0.005908820399781689,0.006666576082352549,0.007155883729865309,0.000355480491421796,0.9995001777402449,0.0001443417683332227,0.026227791662611143,0.9998556582316668,7.217850400519641e-05,0.6938576311286412,0.0001443417683332227
46,20.06,0.007071067811864965,0.008428282197659122,0.008537049682266295,0.010721789250721777,20.0575,20.05181818181818,20.04859375,20.04626146788991,0.00999999999999801,0.029999999999997584,0.029999999999997584,0.04999999999999716,0.008181211771443488,0.01140622500315658,0.013738454326812644,0.0004444641018251826,0.9990670814998286,0.0004884543983462388,0.039370485455702646,0.9995115456016538,0.00024422182747781563,0.6952533650309978,0.0004884543983462388
47,20.22,0.007440238091428675,0.005257633130133855,0.007733952873570399,0.012858545457775582,20.22625,20.22840909090909,20.231197916666666,20.237018348623852,0.0,0.0,0.00999999999999801,0.00999999999999801,0.008409045447479004,0.011197830961464207,0.017018068436300382,0.0008882275388736828,0.9989675845017895,0.00014418795933681186,0.02622080119657094,0.9998558120406631,7.212081003699383e-05,0.6938570380104375,0.00014418795933681186
48,20.3,0.005175491695068465,0.010888149385463208,0.018650404479796805,0.022661968144199632,20.29375,20.29022727272727,20.287239583333335,20.282912844036698,0.010000000000001563,0.030000000000001137,0.05000000000000071,0.07000000000000028,0.009771229641046375,0.012758653007040266,0.017085559076804202,0.000355480491421796,0.9995001777402449,0.00014434176833322282,0.02622779166261115,0.9998556582316668,7.217850400519646e-05,0.6938576311286412,0.00014434176833322282
49,19.84,0.04206712323350503,0.05309451463328185,0.045070722010502634,0.04124051822871634,19.84625,19.853636363636365,19.861458333333335,19.866559633027524,0.03999999999999915,0.05000000000000071,0.05000000000000071,0.05000000000000071,0.01356766640674323,0.02145772903895704,0.026558726509392727,0.030145830543144052,0.9679624839356078,0.0018916855212481433,0.062087025770709216,0.9981083144787519,0.0009593962205992061,0.699991163914396,0.0018916855212481433
50,20.05,0.0051754916950666275,0.008660254037844095,0.016135064739136288,0.018593369297714518,20.05625,20.0575,20.065625,20.07018348623853,0.0,0.010000000000001563,0.030000000000001137,0.030000000000001137,0.007499624090996804,0.01562449177436065,0.02018313759981538,0.00035548049142101904,0.9995001777402458,0.00014434176833312006,0.026227791662604923,0.9998556582316669,7.217850400514505e-05,0.6938576311286407,0.00014434176833312006
51,20.24,0.004629100498861836,0.005181688363047922,0.009707210216739549,0.011598284098582424,20.237499999999997,20.23681818181818,20.23677083333333,20.237866972477065,0.00999999999999801,0.00999999999999801,0.019999999999999574,0.029999999999997584,0.0031817389390198514,0.00322908632006147,0.0021329888531909096,4.4458275205261575e-05,0.99960001778331,0.00035552394148470395,0.0354148693322159,0.9996444760585153,0.00017773432721889345,0.6947364779321664,0.00035552394148470395
52,19.73,0.03251373336211746,0.021865013554397426,0.019614508425754042,0.02368120668263107,19.717142857142857,19.700689655172415,19.704636363636364,19.696945606694563,0.05000000000000071,0.05999999999999872,0.05999999999999872,0.08000000000000185,0.017753381242073374,0.021743789562606253,0.027353684919944502,0.37216751400641307,0.6250888283806976,0.0027436576128893916,0.07351627299830847,0.9972563423871107,0.001682630782774133,0.6780861981313975,0.0027436576128893916
53,19.93,0.009161253813128952,0.013140563861746678,0.019270056526487812,0.023389561813205725,19.93625,19.9375,19.930625,19.933394495412845,0.0,0.019999999999999574,0.03999999999999915,0.03999999999999915,0.007497795508243144,0.0006249089201446623,0.0033941424189833924,0.0011546954008363527,0.9984351423561277,0.0004101622430358714,0.037149218187012494,0.9995898377569641,0.0002051574947966594,0.6949520884338706,0.0004101622430358714
54,20.13,0.010606601717798196,0.009181629788952908,0.010522455834491429,0.011326708089496889,20.12375,20.1225,20.120520833333334,20.12158256880734,0.019999999999999574,0.029999999999997584,0.03999999999999915,0.03999999999999915,0.007499984765672707,0.009479077045398299,0.008417360801104225,0.0016424904767804159,0.9979034492300008,0.0004540602932187197,0.038432150238145675,0.9995459397067813,0.00022716513155885852,0.69512240091477,0.0004540602932187197
55,20.21,0.007440238091427907,0.00718231325400392,0.009629791026712064,0.018060483405648843,20.21625,20.216363636363635,20.214322916666667,20.214839449541284,0.0,0.010000000000001563,0.030000000000001137,0.03999999999999915,0.006363464155583642,0.004322875831348938,0.004839244938921183,0.0008882275388724625,0.9989675845017907,0.00014418795933685135,0.02622080119657333,0.9998558120406631,7.212081003701353e-05,0.6938570380104377,0.00014418795933685135
56,19.87,0.009910312089650906,0.01328457434144544,0.030851605359018656,0.03923960229505094,19.87125,19.86840909090909,19.866770833333334,19.86144495412844,0.010000000000001563,0.019999999999999574,0.08000000000000185,0.10000000000000142,0.001590430343640037,0.0032279036822728813,0.008552922765375115,0.0016420538345559993,0.998169677098695,0.0001882690667490922,0.028662070114500105,0.9998117309332508,9.420300882420121e-05,0.6940490124132559,0.0001882690667490922
57,19.84,0.011952286093344956,0.01469024787618889,0.0152205284128315,0.0186937669535785,19.84,19.845681818181816,19.848645833333332,19.847660550458716,0.010000000000001563,0.010000000000001563,0.019999999999999574,0.05000000000000071,0.005679751659044996,0.008645169340525172,0.007660089806449832,0.002306598537829571,0.9973394842627672,0.00035391719940312474,0.03537478592485547,0.9996460828005969,0.00017713154042828288,0.6947310234175058,0.00035391719940312474
58,19.95,0.0035355339059320342,0.00775892039306733,0.014603451593007365,0.02023661469779325,19.94875,19.94840909090909,19.94828125,19.945093896713615,0.00999999999999801,0.019999999999999574,0.029999999999997584,0.05999999999999872,0.0015908851783024147,0.001718657360470388,0.0042161092978858505,8.889382629320446e-05,0.9997666874085598,0.00014441876514709632,0.026231288293553007,0.999855581234853,7.22073779184263e-05,0.693857901271674,0.00014441876514709632
59,20.21,0.0064086994446166685,0.007014783543394409,0.01865040447979692,0.02006541816187118,20.208750000000002,20.207954545454545,20.210572916666667,20.21323394495413,0.010000000000001563,0.019999999999999574,0.019999999999999574,0.019999999999999574,0.0020454051373235416,0.0005728797987103462,0.0032337968732463196,0.00044439006647051005,0.9992336740323835,0.000321935901145962,0.03426536687946165,0.999678064098854,0.00016097780677446318,0.6946025588546613,0.000321935901145962
60,20.19,0.013887301496587885,0.014598212986873978,0.012476417545288807,0.015697818035934615,20.1875,20.18909090909091,20.1884375,20.188922018348624,0.019999999999999574,0.019999999999999574,0.030000000000001137,0.0400000000000027,0.0009087757061934099,0.0015624634088453604,0.00107795132589672,0.0031910609561744832,0.9964114878194426,0.0003974512243830072,0.03677412156758026,0.999602548775617,0.00019900358136228108,0.6949028947713706,0.0003974512243830072
61,20.22,0.013562026818604876,0.012069215465183242,0.009308409519546833,0.010910152366243073,20.221249999999998,20.21590909090909,20.217552083333334,20.22447247706422,0.019999999999999574,0.029999999999997584,0.029999999999997584,0.029999999999997584,0.00409048970323056,0.0024479154981236206,0.004472475039619894,0.0021757652949292317,0.9965741367941795,0.0012500979108912601,0.053848103960942605,0.9987499020891087,0.0006253383831182499,0.6979515365298984,0.0012500979108912601
62,19.97,0.004629100498861836,0.0062497357237995274,0.013527067912804225,0.018157032922918332,19.9625,19.959318181818183,19.957552083333333,19.958279816513762,0.00999999999999801,0.019999999999999574,0.03999999999999915,0.05999999999999872,0.010681712366931606,0.012447495442756917,0.011719765750967781,0.0002222123373390295,0.999600088884936,0.0001776987777250214,0.028108800416637922,0.999822301222275,8.885136640780838e-05,0.6940032887570746,0.0001776987777250214
63,19.45,0.007440238091428675,0.01466143637921933,0.0283154425858171,0.03873451631817039,19.45375,19.461136363636363,19.47442708333333,19.491880733944953,0.00999999999999801,0.019999999999999574,0.029999999999997584,0.029999999999997584,0.0111335465189768,0.024421420341241173,0.041874163260217756,4.4486457475854596e-05,0.9989667126360052,0.0009888009065190182,0.049788400671355405,0.999011199093481,0.000494167128679582,0.6970606096283548,0.0009888009065190182
64,19.79,0.0,0.005322575478578502,0.012589881910766532,0.019038401171886758,19.79,19.793636363636363,19.806302083333332,19.818463302752292,0.0,0.00999999999999801,0.00999999999999801,0.00999999999999801,0.003636313071183395,0.016301862386171706,0.028462675225455314,0.0,1.0,2.692645223154388e-28,3.228715035834516e-10,1.0,1.346322611577194e-28,0.6931471805599453,2.692645223154388e-28
65,19.82,0.007071067811864965,0.014399538987217733,0.013160557046725006,0.013865246846900419,19.822499999999998,19.822954545454547,19.8178125,19.811146788990825,0.010000000000001563,0.019999999999999574,0.03999999999999915,0.05000000000000071,0.0029535276698879898,0.0021874604572076355,0.008853154820826605,0.0007994669368222775,0.9990674128358079,0.0001331202273698262,0.025531732937747142,0.9998668797726302,6.658229713221402e-05,0.6938078560906489,0.0001331202273698262
66,20.21,0.0053452248382483735,0.0074531659632171565,0.013179088458628009,0.015263909196834182,20.21,20.213409090909092,20.215364583333333,20.21612385321101,0.010000000000001563,0.010000000000001563,0.019999999999999574,0.030000000000001137,0.0034088675311068073,0.005364225202356465,0.0061236765250214376,0.00022224196169733372,0.9994667851957125,0.0003109728425900767,0.033870846334805936,0.9996890271574099,0.00015547952337750334,0.6945582710271789,0.0003109728425900767
67,19.64,0.0070710678118656835,0.011118713631164146,0.014766858174609768,0.0200312420751719,19.6325,19.632954545454545,19.637447916666666,19.638302752293576,0.019999999999999574,0.030000000000001137,0.03999999999999915,0.060000000000002274,0.00704405820579268,0.0025520771687297383,0.0016971937802736647,0.0004444641018258487,0.9990670814998278,0.0004884543983462702,0.039370485455703486,0.9995115456016537,0.00024422182747783135,0.695253365030998,0.0004884543983462702
68,20.04,0.01125991626459616,0.012598449517006196,0.01376060593657483,0.016765482660420248,20.05125,20.0575,20.052916666666665,20.048463302752292,0.0,0.00999999999999801,0.029999999999997584,0.03999999999999915,0.01749740621016827,0.01291645240780781,0.008463213009235915,0.0016429273509005883,0.9976372215947321,0.0007198510543673411,0.04480708338539023,0.9992801489456327,0.0003600917232508258,0.6961124949705907,0.0007198510543673411
69,19.89,0.011259916264595427,0.015185602951410188,0.02127866099200242,0.02914496488540472,19.888749999999998,19.887045454545454,19.8878125,19.891353211009175,0.019999999999999574,0.030000000000001137,0.03999999999999915,0.08000000000000185,0.0029538393864640966,0.002187226811656729,0.0013530208816519007,0.0022176138031907754,0.9976385816860018,0.00014380451080729705,0.026203341323289456,0.9998561954891927,7.197688857382914e-05,0.6938552476841111,0.00014380451080729705
70,20.18,0.01125991626459616,0.019598237397554907,0.02371426539177552,0.030613149571890833,20.17125,20.167954545454545,20.165989583333335,20.1676376146789,0.019999999999999574,0.03999999999999915,0.05999999999999872,0.05999999999999872,0.012038665910949932,0.014007404612129905,0.012360173437627965,0.0019967372006878203,0.9976380589447075,0.0003652038546046237,0.03574485473887458,0.9996347961453954,0.00018275100948531467,0.6947757507158584,0.0003652038546046237
71,19.83,0.007440238091427907,0.012634059138579627,0.00984998737607825,0.01000369013428824,19.82375,19.82590909090909,19.8215625,19.82183486238532,0.019999999999999574,0.029999999999997584,0.029999999999997584,0.03999999999999915,0.004089882524567656,0.008437413276624285,0.008165076516888803,0.0008882275388724625,0.9989675845017907,0.00014418795933685135,0.02622080119657333,0.9998558120406631,7.212081003701353e-05,0.6938570380104377,0.00014418795933685135
72,19.86,0.004629100498861836,0.0050942491308513735,0.0092639216495008,0.012525119756222959,19.8575,19.857045454545453,19.856041666666666,19.857064220183485,0.00999999999999801,0.00999999999999801,0.019999999999999574,0.030000000000001137,0.0029545265269916854,0.003958244607929373,0.002935730663011782,0.00022221233733980654,0.9996000888849352,0.00017769877772502132,0.028108800416637922,0.999822301222275,8.885136640780838e-05,0.6940032887570746,0.00017769877772502132
73,20.27,0.009258200997725318,0.012474074594850506,0.014665779165596294,0.020550937480300225,20.27,20.265454545454546,20.2621875,20.261422018348625,0.00999999999999801,0.030000000000001137,0.03999999999999915,0.05000000000000071,0.004544285533484072,0.007811877803760582,0.008577314707508778,0.0012876293576968934,0.9984020602069734,0.00031031043532968127,0.03385279632343646,0.9996896895646703,0.00015523107279723268,0.6945560631084721,0.00031031043532968127
74,19.78,0.004629100498861836,0.008614359416734127,0.013291991152412341,0.014336516154736445,19.7875,19.789545454545454,19.78734375,19.78658256880734,0.0,0.010000000000001563,0.019999999999999574,0.019999999999999574,0.009544408892907086,0.007343240281443287,0.0065823502786770405,0.00022221233733980654,0.9996000888849352,0.00017769877772502132,0.028108800416637922,0.999822301222275,8.885136640780838e-05,0.6940032887570746,0.00017769877772502132
75,20.21,0.007440238091428675,0.008095623018072099,0.017365476472700005,0.022673598291290977,20.20625,20.206363636363637,20.203229166666667,20.19782110091743,0.010000000000001563,0.019999999999999574,0.05000000000000071,0.08000000000000185,0.0036363276158226654,0.00677013128733961,0.012178018841950689,0.0007551945819452403,0.9989674470344007,0.00027735838365411044,0.03260705003388784,0.9997226416163459,0.00013871233271391527,0.6944218605520567,0.00027735838365411044
76,19.59,0.009161253813129714,0.01202534321724813,0.0232145482120827,0.03094657661582571,19.59625,19.593636363636364,19.58828125,19.580963302752295,0.010000000000001563,0.019999999999999574,0.05999999999999872,0.0799999999999983,0.003635921675595455,0.0017185043834615499,0.009035815528477542,0.0008887007389883879,0.9984347256311563,0.0006765736298552673,0.04388597136033868,0.9993234263701447,0.0003383226986356414,0.695954549179059,0.0006765736298552673
77,19.94,0.006408699444616173,0.009600916094415228,0.011700780652943697,0.011142548411839768,19.94125,19.93909090909091,19.937552083333333,19.93841743119266,0.010000000000001563,0.030000000000001137,0.030000000000001137,0.030000000000001137,0.0009090436105907429,0.0024478945088048936,0.0015825638020032784,0.00022229382332895697,0.9992335037585974,0.0005442024180735918,0.04081201900460079,0.9994557975819264,0.00027205742022587854,0.6954640736456679,0.0005442024180735918
78,20.1,0.004629100498861836,0.007509683670914899,0.009840431741475192,0.012244563987867205,20.1025,20.1025,20.10984375,20.11261467889908,0.0,0.010000000000001563,0.010000000000001563,0.020000000000003126,0.002499830879969523,0.009843700766396069,0.012614595812920015,0.00022221233733980654,0.9996000888849352,0.00017769877772502132,0.028108800416637922,0.999822301222275,8.885136640780838e-05,0.6940032887570746,0.00017769877772502132
79,20.21,0.010606601717797778,0.020267763591842007,0.023109060706495252,0.024777444475146612,20.20625,20.21590909090909,20.224947916666668,20.226009174311926,0.019999999999999574,0.019999999999999574,0.05000000000000071,0.05000000000000071,0.005905399710172787,0.014946030496503226,0.016008147955290042,0.0016424904767799724,0.9979034492300015,0.0004540602932185235,0.03843215023814013,0.9995459397067815,0.00022716513155876032,0.6951224009147692,0.0004540602932185235
80,20.14,0.007559289460184384,0.011455862537118182,0.015819319599791833,0.01602123116833822,20.14,20.146136363636362,20.151770833333334,20.156215596330274,0.010000000000001563,0.019999999999999574,0.030000000000001137,0.03999999999999915,0.006135516043286771,0.011770247474487405,0.016215350149650476,0.0008882570991296793,0.9989342808075721,0.00017746209329819955,0.028099435810958737,0.9998225379067017,8.876259265288094e-05,0.6940024295929759,0.00017746209329819955
81,20.34,0.0035355339059332906,0.009542937350573297,0.02026870110115859,0.021208095068279736,20.33875,20.342045454545456,20.351666666666667,20.353784403669724,0.010000000000001563,0.019999999999999574,0.030000000000001137,0.030000000000001137,0.0020454529474136507,0.011666110460282654,0.013783793187030826,8.889382629331549e-05,0.9997666874085596,0.0001444187651471988,0.02623128829355921,0.9998555812348529,7.220737791847754e-05,0.6938579012716745,0.0001444187651471988
82,19.95,0.010606601717798196,0.012978678237590838,0.012508177953115193,0.014917679839072545,19.94625,19.951136363636365,19.95578125,19.95697247706422,0.019999999999999574,0.019999999999999574,0.019999999999999574,0.019999999999999574,0.0011360881035216153,0.0057810053185676225,0.006972247094381601,0.0017751928705099945,0.9979037279050289,0.00032107922446109597,0.03424254726214325,0.9996789207755388,0.00016065641857583625,0.6945996044134163,0.00032107922446109597
83,19.69,0.004629100498861836,0.00658334113878925,0.006925927902626766,0.009458278487753918,19.692500000000003,19.69590909090909,19.696510416666666,19.69894495412844,0.0,0.0,0.010000000000001563,0.010000000000001563,0.005908855115194456,0.0065103665947390255,0.008944868601247435,0.00022221233733980654,0.9996000888849352,0.00017769877772502132,0.028108800416637922,0.999822301222275,8.885136640780838e-05,0.6940032887570746,0.00017769877772502132
84,19.7,0.009910312089651289,0.010472454556585327,0.015781005659210836,0.01977980387029432,19.71125,19.717045454545456,19.714583333333334,19.71855504587156,0.0,0.0,0.00999999999999801,0.03999999999999915,0.017045102462361683,0.014582622115995036,0.018554166817921214,0.0015093159680934116,0.9981694337459416,0.00032125028596506416,0.034247108753741456,0.9996787497140348,0.00016072061630685442,0.6946002301505216,0.00032125028596506416
85,19.8,0.010606601717797778,0.02074204807003196,0.02527143224983721,0.030456845277093848,19.79625,19.795,19.8103125,19.80594036697248,0.019999999999999574,0.05000000000000071,0.05000000000000071,0.1700000000000017,0.00499759361332508,0.010311857549822891,0.005940152070252225,0.001642490476780194,0.9979034492300013,0.00045406029321852265,0.03843215023814012,0.9995459397067815,0.00022716513155875994,0.6951224009147692,0.00045406029321852265
86,19.85,0.012817398889233732,0.02684522232996106,0.042876724495819696,0.04688384596134348,19.8475,19.86340909090909,19.882239583333334,19.877408256880734,0.020000000000003126,0.030000000000001137,0.060000000000002274,0.07000000000000028,0.013405449732090347,0.03223392891231925,0.027403500746004283,0.0023075176162040078,0.9969404097206898,0.0007520726631061831,0.04547018598306866,0.9992479273368937,0.0003763290110835887,0.6962292923425426,0.0007520726631061831
87,20.34,0.0,0.009264723154926286,0.020934679324731306,0.027068706252188303,20.34,20.334545454545452,20.337968749999998,20.336490825688074,0.0,0.03999999999999915,0.03999999999999915,0.05999999999999872,0.005454190257296432,0.002030924169957871,0.0035087506257696077,0.0,1.0,0.0,0.0,1.0,0.0,0.6931471805599453,0.0
88,20.21,0.010606601717798196,0.012354865686484405,0.014376114419204639,0.017755115349068772,20.21375,20.220909090909092,20.229635416666667,20.23123853211009,0.010000000000001563,0.010000000000001563,0.010000000000001563,0.030000000000001137,0.010906846373472945,0.01963468295434723,0.021238208915747236,0.001996206808579312,0.9979041920342983,9.960115712247749e-05,0.023183601386610374,0.9999003988428774,4.984784941769803e-05,0.6936557956695171,9.960115712247749e-05
89,20.33,0.008864052604278852,0.011194513153136016,0.012902760909685097,0.016122030163272634,20.3275,20.32659090909091,20.325104166666666,20.32426605504587,0.00999999999999801,0.019999999999999574,0.029999999999997584,0.03999999999999915,0.003408491815207526,0.004895564645266859,0.005733745805628132,0.0011102718007890333,0.9985349617319748,0.00035476646723624515,0.035395995242909456,0.9996452335327638,0.00017745026592929755,0.6947340677351058,0.00035476646723624515
90,20.32,0.0,0.005834214168874237,0.012801235044855823,0.013974343964916574,20.32,20.31590909090909,20.309947916666665,20.31138888888889,0.0,0.019999999999999574,0.05000000000000071,0.05999999999999872,0.004090902698976606,0.010051776240288746,0.008622318397101482,0.0,1.0,2.692645223154387e-28,3.228715035834515e-10,1.0,1.3463226115771934e-28,0.6931471805599453,2.692645223154387e-28
91,19.78,0.008864052604279138,0.011485812555645377,0.01906834177217975,0.026808989601287445,19.7775,19.76727272727273,19.77135416666667,19.776697247706423,0.010000000000001563,0.0400000000000027,0.0400000000000027,0.05000000000000071,0.012725401436910035,0.008644631489005405,0.003302365315903444,0.0008886119755989847,0.998534636630897,0.0005767513935040497,0.04161391571052587,0.999423248606496,0.0002884206702710843,0.6955864858758949,0.0005767513935040497
92,19.91,0.005175491695068465,0.007470873676376125,0.007884798538517927,0.008563703880242194,19.90375,19.9,19.89630208333333,19.898646788990824,0.010000000000001563,0.019999999999999574,0.030000000000001137,0.030000000000001137,0.009999419425639644,0.013697733009394144,0.011353150124705282,0.000355480491421463,0.9995001777402452,0.00014434176833322263,0.026227791662611136,0.9998556582316668,7.217850400519636e-05,0.6938576311286411,0.00014434176833322263
93,19.67,0.008864052604278852,0.012309864725334334,0.013436453599827706,0.01686289627868958,19.6725,19.667045454545455,19.665781250000002,19.665963302752292,0.010000000000001563,0.030000000000001137,0.05000000000000071,0.05000000000000071,0.0029543397686211392,0.004218690226480248,0.004036695896729726,0.0012874580852297343,0.998535221605192,0.00017732030957831046,0.028093820042028764,0.9998226796904217,8.870939461416342e-05,0.6940018614041397,0.00017732030957831046
94,19.67,0.019086270308410414,0.023620502077501385,0.020769448296668946,0.041374332497874027,19.6725,19.660454545454545,19.65020833333333,19.64534403669725,0.020000000000003126,0.05000000000000071,0.05000000000000071,0.26000000000000156,0.009539960505208002,0.019790610349446073,0.024651567779073957,0.006012617066334684,0.9932408857960506,0.0007464971376146173,0.045385595908814684,0.9992535028623855,0.00037423394923634726,0.6962103421344804,0.0007464971376146173
95,19.87,0.007071067811864965,0.011251027672112456,0.016751963235731405,0.022211108331943407,19.8725,19.868863636363635,19.8675,19.87,0.010000000000001563,0.019999999999999574,0.05000000000000071,0.05000000000000071,0.0011361837750882844,0.0024999227553053065,0.0,0.0002223308821697158,0.9990668741754897,0.0007107949423406113,0.044608046250558114,0.9992892050576594,0.0003553106929184631,0.6960782008993258,0.0007107949423406113
96,19.91,0.0,0.005531955983004149,0.007181083048690757,0.009555004574132851,19.91,19.907954545454544,19.907447916666666,19.90894495412844,0.0,0.010000000000001563,0.019999999999999574,0.030000000000001137,0.002045423545496306,0.0025520537492411677,0.0010550342631177045,0.0,1.0,0.0,0.0,1.0,0.0,0.6931471805599453,0.0
97,19.75,0.009258200997726963,0.017645499039801955,0.027945971308776043,0.02980144493856013,19.75,19.74659090909091,19.747916666666665,19.749220183486237,0.010000000000001563,0.05000000000000071,0.07000000000000028,0.07000000000000028,0.003407306590816006,0.0020828565684496425,0.0007797528296578093,0.0015974440894567855,0.9984025559105432,2.685773180697172e-28,3.226824624670677e-10,1.0,1.3439600408604551e-28,0.6931468610712975,2.685773180697172e-28
98,20.05,0.007559289460184384,0.010841935653302706,0.01144071904890675,0.012846546018116536,20.05,20.05181818181818,20.055,20.05855504587156,0.010000000000001563,0.019999999999999574,0.030000000000001137,0.030000000000001137,0.0018179847465944479,0.004999880293325987,0.008554941086913459,0.0008882570991296793,0.9989342808075721,0.00017746209329819982,0.02809943581095875,0.9998225379067017,8.876259265288108e-05,0.6940024295929759,0.00017746209329819982
99,19.71,0.00834522960396251,0.006502560887622951,0.007097050674205787,0.010431050387675765,19.71875,19.716363636363635,19.71359375,19.713509174311927,0.0,0.0,0.010000000000001563,0.019999999999999574,0.006363585256622174,0.003593747905142664,0.003509151737489447,0.00040019995583356465,0.998700520259943,0.0008992797842233826,0.04824311120799414,0.9991007202157767,0.00044952771700376194,0.6967496491725321,0.0008992797842233826
100,20.08,0.00834522960396251,0.00813145173997775,0.008737369343038065,0.00927473848777802,20.07875,20.086136363636363,20.0946875,20.09580275229358,0.00999999999999801,0.00999999999999801,0.00999999999999801,0.00999999999999801,0.006136269104899839,0.014687451684039845,0.01580266197288438,0.0011100871313238967,0.9987014431132702,0.00018846975540582042,0.028669708368332734,0.9998115302445942,9.427832197276146e-05,0.6940498417019254,0.00018846975540582042
101,20.32,0.008345229603962738,0.009250449963342731,0.012790686374884645,0.01751232223113849,20.318749999999998,20.31568181818182,20.306354166666665,20.30270642201835,0.010000000000001563,0.019999999999999574,0.03999999999999915,0.05999999999999872,0.0043175976315978914,0.013645413928315975,0.017292890413955323,0.0011543881483844479,0.9987015007045923,0.00014411114702327722,0.02621730736073754,0.9998558888529766,7.20919899513537e-05,0.6938567150634332,0.00014411114702327722
102,20.27,0.009258200997725317,0.019915253856082834,0.024044059960242607,0.026560423176218647,20.265,20.26818181818182,20.25640625,20.242844036697246,0.019999999999999574,0.030000000000001137,0.07000000000000028,0.08999999999999986,0.0018171440169680864,0.013592542280093768,0.027155897596458093,0.001154733818878429,0.9984018475741115,0.00044341860701004667,0.0381266401063615,0.99955658139299,0.00022178818415962605,0.6950811241693701,0.00044341860701004667
103,19.86,0.0035355339059320342,0.005816067269022658,0.007174434687764852,0.007219425854590836,19.85875,19.85818181818182,19.8590625,19.860252293577982,0.00999999999999801,0.019999999999999574,0.019999999999999574,0.019999999999999574,0.0018181788068432072,0.0009374948567710818,0.00025229330822185153,8.889382629320446e-05,0.9997666874085598,0.00014441876514709632,0.026231288293553007,0.999855581234853,7.22073779184263e-05,0.693857901271674,0.00014441876514709632
104,19.93,0.02052872551885782,0.028577996828826804,0.026282494638690857,0.025431673352154238,19.9225,19.908636363636365,19.897760416666667,19.89559633027523,0.030000000000001137,0.07000000000000028,0.08999999999999986,0.08999999999999986,0.021334575809305534,0.032233677600743256,0.03440123076143209,0.007501196051909386,0.9921923427422743,0.0003064612058163127,0.03374713981057075,0.9996935387941835,0.00015378381981173873,0.6945374884588918,0.0003064612058163127
105,19.98,0.014078859531732546,0.01355241956662827,0.017463421632470413,0.017804683342286964,19.97625,19.975227272727274,19.974114583333332,19.97506880733945,0.019999999999999574,0.030000000000001137,0.10000000000000142,0.10000000000000142,0.00477190462697763,0.005885297945496859,0.004931185335408372,0.0035874426637019243,0.9963132735378564,9.928379844177753e-05,0.023165088753871684,0.9999007162015583,4.9728629901512856e-05,0.6936535817678894,9.928379844177753e-05
106,19.66,0.016035674514745912,0.023896358316768705,0.02776305056076878,0.02891582907957653,19.655,19.65681818181818,19.65640625,19.660940366972476,0.030000000000001137,0.05000000000000071,0.05999999999999872,0.05999999999999872,0.0031802009616512805,0.0035936672684329096,0.0009403467374795583,0.003635381112967571,0.9952174498293428,0.0011471690576896462,0.052343073843822696,0.9988528309423104,0.0005742990177144288,0.6976072100460827,0.0011471690576896462
107,20.31,0.005345224838249323,0.010771016625849922,0.009866031062966752,0.010899902142168245,20.314999999999998,20.31840909090909,20.322291666666665,20.319793577981653,0.0,0.00999999999999801,0.00999999999999801,0.019999999999999574,0.008408431662246585,0.01229157089619548,0.00979357098140099,8.892050155307172e-05,0.999466714090934,0.0004443654075129166,0.038146968893410134,0.9995556345924871,0.00022214322391779075,0.6950840307845766,0.0004443654075129166
108,19.68,0.005345224838249323,0.014059673488550866,0.02066460909224853,0.02438905501303787,19.685000000000002,19.675,19.656510416666666,19.64612385321101,0.0,0.05000000000000071,0.08999999999999986,0.10999999999999943,0.004999073702492752,0.02348872815491632,0.03387542792552267,0.0004442864583786314,0.9994669036194459,8.88099221754675e-05,0.02230848274067713,0.9999111900778246,4.44128549516543e-05,0.6936058879150927,8.88099221754675e-05
109,19.68,0.0051754916950666275,0.008234794431159997,0.017592236978841137,0.024230028352519785,19.67625,19.672954545454544,19.680989583333336,19.68584862385321,0.00999999999999801,0.019999999999999574,0.030000000000001137,0.030000000000001137,0.007044925755508302,0.0009894761774376093,0.005848054346643039,0.00039988002000348826,0.9995001999400102,9.992003998636268e-05,0.023202143632152793,0.9999000799600136,4.9967514120449885e-05,0.6936573771185834,9.992003998636268e-05
110,20.22,0.007440238091428675,0.011981310322338614,0.009999454609909548,0.010532460382671381,20.22625,20.237727272727273,20.239270833333332,20.238784403669726,0.0,0.0,0.0,0.00999999999999801,0.017724196732160635,0.019270655851869378,0.0187843150797562,0.0008882275388734609,0.9989675845017897,0.00014418795933681173,0.026220801196570928,0.9998558120406631,7.212081003699375e-05,0.6938570380104376,0.00014418795933681173
111,20.26,0.0035355339059320342,0.006012671608623197,0.013116037204017168,0.01771783719077913,20.26125,20.26318181818182,20.27046875,20.278990825688073,0.0,0.010000000000001563,0.010000000000001563,0.020000000000003126,0.0031817143790249247,0.010468739127645676,0.018990775724887502,8.889382629331547e-05,0.9997666874085597,0.0001444187651470963,0.026231288293553007,0.999855581234853,7.220737791842628e-05,0.693857901271674,0.0001444187651470963
112,19.74,0.009258200997725318,0.013284574341446437,0.021082972046101392,0.028856698673183075,19.74,19.74159090909091,19.740729166666668,19.74133027522936,0.00999999999999801,0.019999999999999574,0.04999999999999716,0.05999999999999872,0.0015904188257991336,0.0007290230287253508,0.001330053384663188,0.0012876293576978915,0.9984020602069725,0.00031031043532964945,0.03385279632343531,0.9996896895646703,0.00015523107279721683,0.694556063108472,0.00031031043532964945
113,20.06,0.005345224838249323,0.008053074472315559,0.013661563130012573,0.016909857092792305,20.064999999999998,20.05840909090909,20.056979166666665,20.060183486238532,0.0,0.019999999999999574,0.029999999999997584,0.029999999999997584,0.0015908541608951055,0.0030206337960407836,0.00018347775585425552,0.00022224196169722273,0.9994667851957125,0.00031097284259017115,0.033870846334809364,0.9996890271574098,0.00015547952337755053,0.6945582710271794,0.00031097284259017115
114,20.15,0.007559289460184384,0.009490175180003446,0.010771782792905358,0.01171941645878147,20.15,20.152727272727272,20.153489583333332,20.15559633027523,0.00999999999999801,0.019999999999999574,0.029999999999997584,0.029999999999997584,0.00272701469657477,0.003489499249553774,0.005596255989075871,0.00044452334786487644,0.9989338074915718,0.0006216691605633197,0.042663218449744134,0.9993783308394366,0.00031080705119782145,0.6957526624476901,0.0006216691605633197
115,19.68,0.007071067811864965,0.01277550510372865,0.018991177224988817,0.025756537825309594,19.6725,19.663636363636364,19.653072916666666,19.64447247706422,0.019999999999999574,0.03999999999999915,0.0799999999999983,0.14999999999999858,0.016360291025193874,0.026925580212264325,0.03552736572601134,0.0007994669368226105,0.9990674128358076,0.00013312022736982623,0.02553173293774714,0.9998668797726302,6.658229713221404e-05,0.6938078560906489,0.00013312022736982623
116,19.92,0.010350983390136074,0.016300235409914036,0.02059004984707585,0.02377070463446429,19.9125,19.9025,19.895364583333333,19.891857798165137,0.020000000000003126,0.05000000000000071,0.10000000000000142,0.10000000000000142,0.017496867803856734,0.024633830205857524,0.028139956451923354,0.0012881434482741004,0.9980025762868959,0.0007092802648299752,0.044584279059753894,0.99929071973517,0.00035474280619003515,0.6960738823955422,0.0007092802648299752
117,20.32,0.009258200997725317,0.010565410875907339,0.0079413137043426,0.010246436200644237,20.314999999999998,20.31,20.30765625,20.311536697247707,0.019999999999999574,0.030000000000001137,0.03999999999999915,0.03999999999999915,0.009998757421271876,0.01234372844965037,0.008463253067020561,0.0011547338188803145,0.9984018475741099,0.0004434186070098566,0.03812664010635607,0.9995565813929902,0.00022178818415953124,0.6950811241693693,0.0004434186070098566
118,19.84,0.005175491695068465,0.004505106334670371,0.007055432165123007,0.011944434430600934,19.83625,19.832727272727272,19.83203125,19.829701834862384,0.010000000000001563,0.010000000000001563,0.030000000000001137,0.03999999999999915,0.007272694090715959,0.0079687073543937,0.010297969988641855,0.00039988002000382127,0.9995001999400097,9.992003998643343e-05,0.023202143632158268,0.9999000799600136,4.996751412048526e-05,0.6936573771185839,9.992003998643343e-05
119,19.86,0.027645717829091317,0.04900273970853988,0.04972346631213712,0.050356165815336265,19.8675,19.89181818181818,19.91671875,19.909655963302754,0.019999999999999574,0.030000000000001137,0.03999999999999915,0.05000000000000071,0.03171385917812586,0.05671406148030656,0.04965206966880942,0.012656326696287091,0.9859138969275337,0.0014297763761790883,0.05640619980336335,0.998570223623821,0.0007189237046629025,0.6985506554802564,0.0014297763761790883
120,19.7,0.0064086994446166685,0.012031934252665398,0.018376219077225,0.019141106202133468,19.70125,19.7075,19.715729166666666,19.716605504587157,0.00999999999999801,0.00999999999999801,0.00999999999999801,0.019999999999999574,0.007498716657210025,0.01572768206824549,0.01660506577900378,0.00039998660845104277,0.9992336399897325,0.0003663734018165377,0.03577343966511061,0.9996336265981834,0.00018318977970622815,0.6947797019139141,0.0003663734018165377
121,19.74,0.0053452248382483735,0.005941931833268261,0.012149088403668401,0.015249549878138372,19.74,19.741363636363637,19.743541666666665,19.747110091743117,0.00999999999999801,0.00999999999999801,0.019999999999999574,0.019999999999999574,0.0013636294606840238,0.0035415225411270512,0.007109876517461089,8.892050155307171e-05,0.9994667140909341,0.0004443654075127585,0.03814696889340562,0.9995556345924872,0.00022214322391771174,0.6950840307845759,0.0004443654075127585
122,19.84,0.007440238091428675,0.015434167637271403,0.014597568469975184,0.0168614579159003,19.83375,19.828863636363636,19.83375,19.83362385321101,0.019999999999999574,0.05000000000000071,0.05000000000000071,0.05999999999999872,0.011132580242701806,0.00624998867897375,0.006376089324930945,0.0008882275388736828,0.9989675845017895,0.00014418795933681186,0.02622080119657094,0.9998558120406631,7.212081003699383e-05,0.6938570380104375,0.00014418795933681186
123,20.33,0.01309307341416004,0.01992056105240789,0.02841278256198225,0.0331148194708333,20.33,20.32409090909091,20.316041666666667,20.310435779816515,0.019999999999999574,0.04999999999999716,0.05999999999999872,0.10999999999999943,0.005904450357775205,0.013953664638393093,0.019561029599572066,0.003189792663477579,0.9968102073365224,5.588724986777952e-29,1.9126622390148457e-10,1.0,2.798826331237841e-29,0.6931459046455931,5.588724986777952e-29
124,19.8,0.005345224838249323,0.006893174612382128,0.008265705079045012,0.008999162204552309,19.795,19.796136363636364,19.797447916666666,19.79866972477064,0.010000000000001563,0.019999999999999574,0.019999999999999574,0.019999999999999574,0.003863452249788679,0.002552073725382798,0.001330273986411612,0.00044428645838007414,0.9994669036194445,8.88099221754676e-05,0.022308482740677142,0.9999111900778246,4.441285495165439e-05,0.6936058879150928,8.88099221754676e-05
125,19.8,0.0053452248382483735,0.006203047740304859,0.01067068123623655,0.01178802817912228,19.8,19.798181818181817,19.793854166666666,19.796399082568808,0.010000000000001563,0.010000000000001563,0.030000000000001137,0.030000000000001137,0.0018181662489951123,0.00614578178829106,0.0036008868210046785,0.00022224196169733372,0.9994667851957125,0.0003109728425900767,0.033870846334805936,0.9996890271574099,0.00015547952337750334,0.6945582710271789,0.0003109728425900767
126,20.15,0.004629100498861836,0.01086141803317304,0.01241979065143557,0.019704930809771183,20.1475,20.14727272727273,20.148489583333333,20.14802752293578,0.00999999999999801,0.019999999999999574,0.029999999999997584,0.04999999999999716,0.002726718914345838,0.0015103454934433105,0.001972347854461987,0.0002222123373390295,0.999600088884936,0.00017769877772502154,0.02810880041663793,0.999822301222275,8.885136640780845e-05,0.6940032887570746,0.00017769877772502154
127,20.19,0.004629100498863481,0.007222673952732734,0.009615970435541951,0.013892185185012819,20.1825,20.181136363636366,20.18625,20.18976897689769,0.010000000000001563,0.019999999999999574,0.019999999999999574,0.030000000000001137,0.0088630710815778,0.0027147138825966977,0.002957026386866346,0.0002222123373404726,0.9996000888849345,0.00017769877772514772,0.028108800416644587,0.9998223012222749,8.885136640787161e-05,0.6940032887570752,0.00017769877772514772
128,19.65,0.005175491695068465,0.008684632000320188,0.014615490598848898,0.016329592592016922,19.65375,19.656136363636364,19.6575,19.658142201834863,0.0,0.00999999999999801,0.029999999999997584,0.029999999999997584,0.006136128933576402,0.007499551182263531,0.008141865604557097,0.00039988002000382127,0.9995001999400097,9.992003998643356e-05,0.02320214363215828,0.9999000799600136,4.9967514120485325e-05,0.6936573771185839,9.992003998643356e-05
129,20.21,0.011259916264595427,0.014913421739880167,0.02288709817020717,0.027913070644635288,20.20875,20.21090909090909,20.224114583333332,20.2295871559633,0.019999999999999574,0.019999999999999574,0.019999999999999574,0.030000000000001137,0.0009087381477002054,0.014111646421952175,0.019584607856813818,0.0022176138031921046,0.9976385816860005,0.00014380451080729686,0.026203341323289452,0.9998561954891927,7.19768885738291e-05,0.6938552476841111,0.00014380451080729686
130,19.88,0.00834522960396251,0.013350059980386082,0.021330051455949132,0.0295244033527427,19.87875,19.87590909090909,19.880052083333332,19.87981651376147,0.00999999999999801,0.029999999999997584,0.029999999999997584,0.05000000000000071,0.0040898048755479985,5.2073184633627534e-05,0.0001834574322856497,0.0008884640759782543,0.9987011550032994,0.0004103809207223315,0.03715416819859823,0.9995896190792777,0.00020523952114009068,0.6949527961751528,0.0004103809207223315
131,20.16,0.005345224838249323,0.005010559673853908,0.007493452639520969,0.009460480190619684,20.165,20.16431818181818,20.164375,20.165619266055046,0.0,0.0,0.010000000000001563,0.019999999999999574,0.004318161712944857,0.004374994970930857,0.005619258060505673,0.0004442864583798522,0.9994669036194447,8.880992217546758e-05,0.022308482740677135,0.9999111900778246,4.441285495165436e-05,0.6936058879150928,8.880992217546758e-05
132,20.04,0.014577379737113181,0.01942487017705232,0.020732390707122777,0.02339059874543456,20.03875,20.0425,20.045729166666668,20.05224770642202,0.019999999999999574,0.03999999999999915,0.05000000000000071,0.05000000000000071,0.0024985468189697717,0.00572865417052526,0.01224700577586191,0.0037642655703989123,0.9960482649200963,0.00018746950950471688,0.02863155775588844,0.9998125304904953,9.390269013845574e-05,0.6940449959883324,0.00018746950950471688
133,20.33,0.00834522960396251,0.022873630228515608,0.03321254566205772,0.03471936724176063,20.32875,20.324772727272727,20.319739583333334,20.311995412844038,0.00999999999999801,0.06999999999999673,0.06999999999999673,0.0799999999999983,0.005222155421506614,0.01025571888749255,0.01800081736291759,0.0011100871313234532,0.9987014431132707,0.00018846975540582036,0.028669708368332724,0.9998115302445942,9.42783219727614e-05,0.6940498417019254,0.00018846975540582036
134,19.66,0.008864052604279138,0.01240609548060911,0.015222946850732891,0.019577890307317734,19.6675,19.676363636363636,19.68182291666667,19.684380733944955,0.0,0.0,0.030000000000001137,0.030000000000001137,0.016359740653570043,0.021822889908776236,0.02438034893384611,0.0012874580852294017,0.9985352216051924,0.0001773203095782475,0.028093820042025434,0.9998226796904217,8.870939461413189e-05,0.6940018614041396,0.0001773203095782475
135,20.18,0.007559289460184384,0.011374835918710567,0.01710369960387582,0.02084419942294442,20.18,20.17909090909091,20.17369791666667,20.169954128440367,0.00999999999999801,0.019999999999999574,0.05000000000000071,0.07000000000000028,0.0009088932165468577,0.006301612987044791,0.010045283792351256,0.0007108581818659535,0.9989340915820609,0.00035505023607309573,0.03540307066839675,0.9996449497639268,0.00017755670607997389,0.6947350042432131,0.00035505023607309573
136,20.05,0.008864052604279138,0.010652595987293317,0.011440242342348151,0.013960067180831953,20.0475,20.055681818181817,20.05677083333333,20.05862385321101,0.010000000000001563,0.010000000000001563,0.019999999999999574,0.019999999999999574,0.0056814169511199,0.006770679599867435,0.008623749723483343,0.0012874580852297343,0.998535221605192,0.00017732030957824752,0.02809382004202544,0.9998226796904217,8.870939461413192e-05,0.6940018614041394,0.00017732030957824752
137,19.86,0.0053452248382483735,0.014647009378057825,0.018796626145408477,0.017397172327057085,19.86,19.8625,19.86578125,19.868119266055047,0.00999999999999801,0.019999999999999574,0.03999999999999915,0.03999999999999915,0.002499345486285165,0.005781001476862002,0.00811923216951982,0.00035549233445144777,0.9994668562625786,0.00017765140296992948,0.028106926996192255,0.99982234859703,8.883360061010441e-05,0.6940031257141851,0.00017765140296992948
138,19.89,0.01597989808656955,0.027127254731359282,0.035386176691931455,0.035233175758768845,19.89375,19.893863636363637,19.895416666666666,19.885481651376146,0.019999999999999574,0.03999999999999915,0.05000000000000071,0.10000000000000142,0.0038587262388318777,0.005413985752966255,0.004517715322435834,0.003767257281268885,0.9952512905930403,0.0009814521256908094,0.04969568329983594,0.9990185478743091,0.0004914105498670673,0.6970397495566243,0.0009814521256908094
139,19.74,0.00834522960396251,0.01086871492216071,0.011856356495748267,0.017849653903340715,19.73875,19.73931818181818,19.734114583333334,19.730963302752293,0.00999999999999801,0.019999999999999574,0.03999999999999915,0.0799999999999983,0.0006817189132561908,0.005885361239052145,0.009036697134092721,0.0011543881483826735,0.998701500704594,0.00014411114702333244,0.026217307360740877,0.9998558888529766,7.209198995138126e-05,0.6938567150634334,0.00014411114702333244
140,20.15,0.0035355339059332906,0.007520581080272175,0.00786274114662079,0.00799157537250883,20.151249999999997,20.149677419354838,20.147017543859647,20.145860655737703,0.0,0.019999999999999574,0.019999999999999574,0.019999999999999574,0.0029864886528230272,0.0018512927908886923,0.00028466840558394324,8.889382629331549e-05,0.9997666874085596,0.00014441876514719885,0.026231288293559214,0.9998555812348529,7.220737791847757e-05,0.6938579012716745,0.00014441876514719885
141,19.85,0.0053452248382483735,0.008069465847859425,0.012882456244174938,0.014767826008431389,19.85,19.85,19.842604166666668,19.838188073394495,0.010000000000001563,0.020000000000003126,0.0400000000000027,0.0400000000000027,0.0,0.007395507353066933,0.011811583826784046,0.00017780937709214323,0.9994667614983348,0.00035542912457313706,0.03541250897036112,0.9996445708754269,0.00017769878088027473,0.6947361919183079,0.00035542912457313706
142,19.76,0.00707106781186658,0.011883863666537035,0.027483881917780763,0.030497267204954222,19.7525,19.752727272727274,19.759635416666665,19.762798165137614,0.020000000000003126,0.030000000000001137,0.0400000000000027,0.05000000000000071,0.0072709015948930755,0.00036446159356273716,0.00279767470783554,0.0004444641018251827,0.9990670814998284,0.0004884543983464441,0.03937048545570815,0.9995115456016536,0.0002442218274779182,0.6952533650309988,0.0004884543983464441
143,20.25,0.008345229603964107,0.009218971156018173,0.015798879801012897,0.017139655626692014,20.24875,20.248181818181816,20.246302083333333,20.244495412844035,0.010000000000001563,0.010000000000001563,0.030000000000001137,0.03999999999999915,0.0018180341085098917,0.0036976175924792187,0.0055043436150299385,0.00088846407597892,0.9987011550032986,0.0004103809207224494,0.03715416819860179,0.9995896190792776,0.0002052395211401497,0.6949527961751534,0.0004103809207224494
144,20.22,0.0051754916950666275,0.01006322507663015,0.013830874326745525,0.014090441662369309,20.21625,20.21318181818182,20.215572916666666,20.220733944954127,0.00999999999999801,0.019999999999999574,0.03999999999999915,0.03999999999999915,0.006817233224865049,0.004426887746376451,0.000733934899471933,0.00039988002000348826,0.9995001999400102,9.992003998636253e-05,0.023202143632152783,0.9999000799600136,4.996751412044981e-05,0.6936573771185834,9.992003998636253e-05
145,19.73,0.012817398889232248,0.019695085831741548,0.021771210395709503,0.028080231836912568,19.7275,19.730681818181818,19.7334375,19.71775229357798,0.019999999999999574,0.030000000000001137,0.05999999999999872,0.07000000000000028,0.0006813420623075217,0.0034371609363006437,0.01224736419680994,0.0028810764947276306,0.9969421686345857,0.0001767548706866098,0.028071379394984778,0.9998232451293134,8.849709765072577e-05,0.6939991945232187,0.0001767548706866098
146,20.23,0.0051754916950666275,0.012480428653125358,0.026397873612075323,0.03138017335794531,20.23375,20.24022727272727,20.247395833333332,20.250894495412844,0.0,0.010000000000001563,0.030000000000001137,0.03999999999999915,0.010224836631095968,0.017390333974617537,0.020890826184768233,0.000355480491421463,0.9995001777402454,0.00014434176833312028,0.026227791662604936,0.9998556582316669,7.217850400514517e-05,0.6938576311286406,0.00014434176833312028
147,19.71,0.016035674514745437,0.016065076431847215,0.01571581375302314,0.026446659800731284,19.715,19.710227272727273,19.711302083333333,19.710756880733946,0.019999999999999574,0.030000000000001137,0.030000000000001137,0.10000000000000142,0.000227188560529612,0.0013019834732403979,0.0007567981956526637,0.004338578526977949,0.9952208251769289,0.00044059629609314086,0.038065783537951876,0.9995594037039068,0.00022072834563113185,0.6950707434373442,0.00044059629609314086
148,19.88,0.010606601717797778,0.01490633192643504,0.015242280539861864,0.013484283406140721,19.88375,19.88681818181818,19.891302083333333,19.889885321100916,0.00999999999999801,0.00999999999999801,0.00999999999999801,0.019999999999999574,0.006815908243879676,0.011301379468932282,0.009885155701340409,0.001996206808579312,0.9979041920342984,9.960115712240674e-05,0.023183601386604885,0.9999003988428776,4.9847849417662624e-05,0.6936557956695167,9.960115712240674e-05
149,20.32,0.01069044967649651,0.007649151177880569,0.008240594352833894,0.009591025366669548,20.314999999999998,20.312954545454545,20.31390625,20.316055045871558,0.019999999999999574,0.019999999999999574,0.019999999999999574,0.019999999999999574,0.007045432528684614,0.0060937257403566045,0.003944941622648913,0.0015982937908666625,0.9978700763600874,0.0005316298490459146,0.040504808175099605,0.9994683701509541,0.00026595676777008907,0.6954178381611844,0.0005316298490459146
150,20.2,0.004629100498863481,0.01016512713767791,0.011921495500725425,0.011561151936685525,20.2025,20.203863636363636,20.20265625,20.202064220183487,0.0,0.019999999999999574,0.029999999999997584,0.029999999999997584,0.003863172569253948,0.0026561942504486073,0.0020642114886868512,0.0002222123373404726,0.9996000888849345,0.00017769877772514772,0.028108800416644587,0.9998223012222749,8.885136640787161e-05,0.6940032887570752,0.00017769877772514772
151,19.94,0.004629100498863481,0.007649151177880613,0.012172408934430692,0.016820491236748135,19.9375,19.937045454545455,19.93625,19.937545871559635,0.010000000000001563,0.019999999999999574,0.030000000000001137,0.0400000000000027,0.0029543146579271706,0.0037498670972127,0.0024540155645809136,0.00017778567233985091,0.9996000711142683,0.00022214321339186226,0.030279287356400886,0.9997778567866081,0.00011106914331888895,0.6941925765925305,0.00022214321339186226
152,19.96,0.014880476182856752,0.01776287049300109,0.022259154549090526,0.023353258287370338,19.9675,19.969487179487178,19.964806201550388,19.959662921348315,0.010000000000001563,0.019999999999999574,0.03999999999999915,0.03999999999999915,0.011917698429897428,0.016101505170809105,0.016649149561999366,0.003940665835049783,0.9958829547521187,0.00017637941283149707,0.028056438869727997,0.9998236205871686,8.835600507085337e-05,0.6939970673412286,0.00017637941283149707
153,20.25,0.007559289460185727,0.010105155362728217,0.011016705544178431,0.01461883455468409,20.25,20.249545454545455,20.2446875,20.241995412844037,0.010000000000001563,0.019999999999999574,0.030000000000001137,0.03999999999999915,0.00045452799815848266,0.0053123743145988556,0.008004352173884398,0.0004445233478660975,0.9989338074915705,0.0006216691605634766,0.04266321844974773,0.9993783308394365,0.00031080705119790005,0.6957526624476906,0.0006216691605634766
154,20.03,0.008864052604279138,0.014222261679238051,0.018934231606459184,0.0186507187338799,20.0275,20.030227272727274,20.030364583333334,20.025940366972478,0.010000000000001563,0.019999999999999574,0.060000000000002274,0.10000000000000142,0.0002271929697599262,0.00036454960354603827,0.004059565235365881,0.0012874580852297343,0.998535221605192,0.00017732030957824752,0.02809382004202544,0.9998226796904217,8.870939461413192e-05,0.6940018614041394,0.00017732030957824752
155,19.84,0.008864052604279566,0.022679865990633014,0.029804482134787383,0.026733074672603788,19.8375,19.831363636363637,19.813333333333333,19.80401376146789,0.019999999999999574,0.07000000000000028,0.120000000000001,0.129999999999999,0.008630179887404665,0.02666077307367232,0.03598430990314228,0.0007998929210585613,0.998534506509617,0.0006656005693244454,0.04364701542550436,0.9993343994306756,0.0003328226324292323,0.6959143833550638,0.0006656005693244454
156,20.06,0.0064086994446166685,0.007920722413504793,0.010538381400764768,0.012657194658010639,20.06125,20.059772727272726,20.065989583333334,20.069495412844034,0.00999999999999801,0.019999999999999574,0.019999999999999574,0.029999999999997584,0.0002272647398058325,0.005989464345475426,0.009495381800661562,0.00039998660845104277,0.9992336399897325,0.00036637340181653775,0.035773439665110617,0.9996336265981834,0.00018318977970622818,0.6947797019139141,0.00036637340181653775
157,19.94,0.005175491695068465,0.007255529348784974,0.007711354414822018,0.010248108443453068,19.93625,19.93409090909091,19.93453125,19.93481651376147,0.010000000000001563,0.019999999999999574,0.019999999999999574,0.0400000000000027,0.005908797691517975,0.005468683244544081,0.005183427816518816,0.00039988002000382127,0.9995001999400097,9.992003998643356e-05,0.02320214363215828,0.9999000799600136,4.9967514120485325e-05,0.6936573771185839,9.992003998643356e-05
158,19.64,0.0,0.006270842625232716,0.012096452828398569,0.01387252718287998,19.64,19.645454545454545,19.65052083333333,19.655940366972477,0.0,0.0,0.010000000000001563,0.010000000000001563,0.005454380465380383,0.010520597570575775,0.015940295037580657,0.0,1.0,0.0,0.0,1.0,0.0,0.6931471805599453,0.0
159,20.22,0.0053452248382483735,0.008924750012784363,0.018275320088353298,0.02417450246063979,20.22,20.2175,20.219528795811517,20.219018567639257,0.00999999999999801,0.029999999999997584,0.029999999999997584,0.03999999999999915,0.002499897506368143,0.0003238078061258421,0.004082668383489364,0.00035549233445144777,0.9994668562625786,0.00017765140296992948,0.028106926996192255,0.99982234859703,8.883360061010441e-05,0.6940031257141851,0.00017765140296992948
160,20.0,0.011952286093344106,0.011099682870734495,0.016195454838228616,0.020041715432612284,20.0,20.00522727272727,20.012395833333333,20.013853211009174,0.019999999999999574,0.019999999999999574,0.019999999999999574,0.019999999999999574,0.005226848064921796,0.012395386664138643,0.01385281334660249,0.0015991443952420015,0.9973375977183876,0.001063257886370422,0.051019269799836384,0.9989367421136296,0.0005317714277521788,0.6973190773347879,0.001063257886370422
161,20.24,0.007559289460184048,0.010301993895556983,0.02112044740125831,0.022947725816823163,20.235,20.23090909090909,20.2225,20.220432569974555,0.019999999999999574,0.029999999999997584,0.05999999999999872,0.0799999999999983,0.009090313127671836,0.017497308319434524,0.016814139460620936,0.0007995733903738037,0.9989341862116164,0.0002662403980098178,0.0321658243805176,0.9997337596019902,0.00013315570717078678,0.694376231314021,0.0002662403980098178
162,19.67,0.0064086994446166685,0.010432000693913382,0.021867191949805766,0.03185722756980045,19.668750000000003,19.669318181818184,19.6665625,19.652454128440368,0.010000000000001563,0.020000000000003126,0.060000000000002274,0.1700000000000017,0.000681706369505264,0.0034369461645837873,0.017545467824675146,0.0005775531107836276,0.999233776124051,0.00018867076516536496,0.028677350694339306,0.9998113292348346,9.435372883237556e-05,0.6940506008395259,0.00018867076516536496
163,19.82,0.004629100498863481,0.006270842625233782,0.012718852039695878,0.016040981471717057,19.8125,19.814545454545453,19.812604166666667,19.80876146788991,0.010000000000001563,0.019999999999999574,0.05000000000000071,0.05999999999999872,0.005454299163830001,0.007395543265374727,0.011238155134833505,0.00022221233733936256,0.9996000888849356,0.0001776987777251478,0.028108800416644583,0.9998223012222749,8.885136640787158e-05,0.6940032887570753,0.0001776987777251478
164,20.09,0.004629100498863481,0.011194513153136357,0.0182836119746948,0.026920154473215066,20.0925,20.088409090909092,20.087447916666665,20.077064220183487,0.0,0.030000000000001137,0.03999999999999915,0.17999999999999972,0.0015906601256574506,0.0025519149239698895,0.01293534981959965,0.0002222123373390295,0.9996000888849359,0.0001776987777251475,0.02810880041664457,0.9998223012222749,8.885136640787143e-05,0.6940032887570752,0.0001776987777251475
165,19.88,0.008864052604279138,0.01302745515201785,0.02070889976962548,0.023804894324031812,19.8875,19.884772727272725,19.880989583333335,19.880825688073394,0.0,0.019999999999999574,0.03999999999999915,0.03999999999999915,0.004771204155986197,0.0009893948990793435,0.0008255970569734927,0.0012874580852294017,0.9985352216051924,0.00017732030957824725,0.028093820042025423,0.9998226796904217,8.870939461413177e-05,0.6940018614041396,0.00017732030957824725
166,20.32,0.009258200997725318,0.018711111892275267,0.029051317656719595,0.035572856710651905,20.32,20.32181818181818,20.3275,20.320298165137615,0.010000000000001563,0.030000000000001137,0.05000000000000071,0.14000000000000057,0.0018169873219449073,0.007497124483052176,0.00029811106287525035,0.0015974440894570069,0.9984025559105429,5.0326130210918016e-29,1.8465033385475862e-10,1.0,2.51831794660549e-29,0.6931468610712974,5.0326130210918016e-29
167,19.8,0.007071067811864965,0.006800540955972742,0.008281031332520441,0.012426988077972495,19.8025,19.803409090909092,19.805729166666666,19.809770642201833,0.010000000000001563,0.010000000000001563,0.010000000000001563,0.010000000000001563,0.0034090422241206397,0.005729123463424913,0.009770555442628392,0.0005776492926271257,0.9990672058060064,0.0003551449013664978,0.03540542977219127,0.9996448550986334,0.0001775922082063387,0.6947353077014443,0.0003551449013664978
168,19.81,0.004629100498861836,0.006611381051492234,0.009251550504454455,0.010136576569076634,19.807499999999997,19.80931818181818,19.805520833333333,19.805091743119267,0.00999999999999801,0.00999999999999801,0.019999999999999574,0.03999999999999915,0.0006817947942181491,0.004479108853047364,0.004908220160359633,0.0002222123373404726,0.9996000888849346,0.00017769877772502127,0.02810880041663792,0.999822301222275,8.885136640780838e-05,0.6940032887570746,0.00017769877772502127
169,19.94,0.0,0.009230430416072346,0.016686397570306582,0.021790792978969686,19.94,19.94409090909091,19.9446875,19.946307339449543,0.0,0.010000000000001563,0.030000000000001137,0.0400000000000027,0.0040905212772486274,0.00468698874101392,0.006306844752543839,3.330669073875469e-16,0.9999999999999997,0.0,0.0,1.0,0.0,0.6931471805599452,0.0
170,20.06,0.005345224838247425,0.011529445710580595,0.013378692750816868,0.015253767493852146,20.055,20.047954545454544,20.048072916666666,20.05394495412844,0.00999999999999801,0.03999999999999915,0.04999999999999716,0.04999999999999716,0.01204375160386917,0.011926536099053916,0.006054911926185014,0.0004442864583801851,0.9994669036194445,8.880992217540443e-05,0.02230848274067185,0.9999111900778246,4.44128549516228e-05,0.6936058879150926,8.880992217540443e-05
171,20.02,0.007071067811864965,0.0074991190462172595,0.012258019955466572,0.012256077308084763,20.0125,20.013636363636365,20.016614583333332,20.0172247706422,0.019999999999999574,0.019999999999999574,0.030000000000001137,0.030000000000001137,0.006363508895447013,0.0033852805208880454,0.002775184952042764,0.0007551191631145749,0.9990673714445514,0.00017750939233400332,0.0281013082328834,0.999822490607666,8.878033636186955e-05,0.6940026102122099,0.00017750939233400332
172,19.7,0.0035355339059332906,0.00883247898324286,0.017007530926105678,0.02268392086343745,19.701249999999998,19.706818181818182,19.718645833333333,19.72461009174312,0.0,0.00999999999999801,0.00999999999999801,0.00999999999999801,0.006817537163442467,0.018644246170879345,0.0246081041477737,8.889382629331549e-05,0.9997666874085596,0.0001444187651471988,0.02623128829355921,0.9998555812348529,7.220737791847754e-05,0.6938579012716745,0.0001444187651471988
173,20.22,0.005345224838249323,0.008490761052803907,0.013395802883889082,0.019556023292876493,20.225,20.225,20.223697916666666,20.226467889908257,0.0,0.00999999999999801,0.029999999999997584,0.029999999999997584,0.0049995905174000654,0.003697732950968202,0.00646762567339465,0.0004442864583798522,0.9994669036194447,8.880992217546758e-05,0.022308482740677135,0.9999111900778246,4.441285495165436e-05,0.6936058879150928,8.880992217546758e-05
174,20.35,0.009161253813128883,0.01717187089707189,0.028147375721990317,0.036807194781499096,20.35625,20.36431818181818,20.373802083333334,20.377522935779815,0.010000000000001563,0.020000000000003126,0.020000000000003126,0.030000000000001137,0.014311200997326525,0.023795154645995353,0.02751670752058999,0.00115469540083602,0.998435142356128,0.00041016224303597404,0.03714921818701559,0.999589837756964,0.00020515749479671068,0.6949520884338711,0.00041016224303597404
175,19.79,0.009258200997725317,0.018716760529955766,0.02335648082085718,0.030695778767189184,19.785,19.78409090909091,19.77515625,19.771536697247708,0.019999999999999574,0.03999999999999915,0.05999999999999872,0.07000000000000028,0.005905321566388011,0.014841291216725951,0.018460308558132965,0.0015089648254054942,0.9984024143437211,8.862083087327489e-05,0.022296594393892855,0.9999113791691266,4.4341905816453706e-05,0.6936049656332691,8.862083087327489e-05
176,19.85,0.0051754916950666275,0.006912317039162593,0.01694158619881695,0.014725940257282175,19.85375,19.848181818181818,19.84640625,19.848761467889908,0.0,0.020000000000003126,0.0400000000000027,0.0400000000000027,0.001818149714381434,0.003593457642637077,0.001238510751136346,0.00039988002000382116,0.9995001999400098,9.992003998636255e-05,0.023202143632152786,0.9999000799600136,4.9967514120449824e-05,0.6936573771185836,9.992003998636255e-05
177,19.88,0.007440238091428675,0.0061817093635488035,0.00986326677189721,0.01095336812725784,19.88625,19.891136363636363,19.8953125,19.89644495412844,0.0,0.0,0.00999999999999801,0.00999999999999801,0.01113609498133883,0.01531214600072417,0.016444871350131507,0.0008882275388734609,0.9989675845017897,0.00014418795933681173,0.026220801196570928,0.9998558120406631,7.212081003699375e-05,0.6938570380104376,0.00014418795933681173
178,19.82,0.004629100498863481,0.00865109459156089,0.012150435035554286,0.013515079981371837,19.8175,19.816363636363636,19.815104166666668,19.813990825688073,0.010000000000001563,0.019999999999999574,0.07000000000000028,0.07000000000000028,0.0036360609447001484,0.004895780161859875,0.006009073800669285,0.00022221233734002856,0.9996000888849349,0.0001776987777251478,0.028108800416644587,0.9998223012222749,8.885136640787162e-05,0.6940032887570752,0.0001776987777251478
179,20.29,0.010350983390135338,0.013021368029895002,0.01544276362949858,0.02233197658310136,20.2825,20.275454545454547,20.277552083333333,20.277775229357797,0.019999999999999574,0.03999999999999915,0.03999999999999915,0.05999999999999872,0.014542852964950725,0.012447030989278574,0.012223782274304542,0.0008003193591301851,0.9980016006387183,0.001198080002151518,0.05307984861052208,0.9988019199978485,0.000598920887497094,0.6977749228537126,0.001198080002151518
180,19.69,0.011877349391653554,0.022873630228515077,0.03323585496077687,0.042491452887503986,19.69375,19.695227272727273,19.68921875,19.684174311926604,0.019999999999999574,0.0400000000000027,0.07000000000000028,0.14000000000000057,0.005223200045293198,0.0007809045782778412,0.005823861079989001,0.0008896486520521315,0.9973690094081171,0.0017413419398307826,0.06011058303547454,0.9982586580601692,0.000870300355429856,0.6995464782142102,0.0017413419398307826
181,19.84,0.005345224838249323,0.007309960189386197,0.01207479237172446,0.015367737377498908,19.835,19.83477272727273,19.836354166666666,19.835619266055044,0.010000000000001563,0.019999999999999574,0.030000000000001137,0.030000000000001137,0.005227045028732391,0.0036456429734244016,0.004380571790534305,8.892050155384897e-05,0.9994667140909332,0.000444365407512917,0.038146968893410155,0.9995556345924871,0.00022214322391779105,0.6950840307845766,0.000444365407512917
182,19.8,0.007440238091427907,0.012217202719251453,0.01216120272250799,0.01245663150532059,19.80625,19.806363636363635,19.803020833333335,19.80006880733945,0.0,0.010000000000001563,0.019999999999999574,0.060000000000002274,0.006362759551848285,0.0030207529107428854,6.880689866761715e-05,0.0004000932537117427,0.9989670800963625,0.0006328266499257994,0.04291638429653149,0.9993671733500743,0.000316376509273157,0.69579373616135,0.0006328266499257994
183,19.73,0.00834522960396251,0.011307259730879503,0.014192852556827226,0.018835706084044154,19.73125,19.74022727272727,19.749635416666667,19.756490825688072,0.010000000000001563,0.010000000000001563,0.010000000000001563,0.030000000000001137,0.010226994047116023,0.01963520294157206,0.026490543699765112,0.0011543881483846697,0.998701500704592,0.00014411114702333222,0.026217307360740877,0.9998558888529766,7.209198995138123e-05,0.6938567150634334,0.00014411114702333222
184,20.05,0.008345229603962966,0.01039138934483022,0.015482971420691471,0.019723318173263032,20.05125,20.048863636363638,20.045260416666668,20.04419724770642,0.010000000000001563,0.019999999999999574,0.03999999999999915,0.05000000000000071,0.001136230246629566,0.004739233780128416,0.0058024466488859625,0.00044462706643441977,0.9987005780151861,0.0008547949183794564,0.04743554301920599,0.9991452050816205,0.0004273098248132489,0.6965932559059498,0.0008547949183794564
185,19.77,0.006408699444616173,0.010612828807935735,0.01626434123509213,0.02576453046854688,19.76875,19.768863636363637,19.770625,19.776880733944953,0.00999999999999801,0.019999999999999574,0.030000000000001137,0.03999999999999915,0.001136138424044475,0.0006249333382584155,0.006879976484924556,0.00039998660845015475,0.9992336399897334,0.00036637340181651444,0.035773439665109846,0.9996336265981834,0.00018318977970621645,0.694779701913914,0.00036637340181651444
186,19.83,0.03284161123592185,0.051371774318368355,0.047530531200067457,0.045036424734698086,19.8375,19.859318181818182,19.880729166666665,19.883646788990827,0.019999999999999574,0.019999999999999574,0.029999999999997584,0.03999999999999915,0.029209713917225603,0.05072448096325389,0.05364152059337357,0.017253445885600856,0.9802140360438304,0.0025325180705687714,0.06826159991295713,0.9974674819294314,0.001275648399286011,0.7020012946158771,0.0025325180705687714
187,19.91,0.02121320343559693,0.03154496103335991,0.028208391495889176,0.02657498012608661,19.9125,19.911590909090908,19.9153125,19.916720183486238,0.019999999999999574,0.03999999999999915,0.03999999999999915,0.03999999999999915,0.0015880052014836112,0.005311399494530633,0.006720017772749998,0.007635568132128373,0.991664138772308,0.0007002930955637425,0.04444220607330443,0.9992997069044361,0.000351364954079246,0.6960422412160682,0.0007002930955637425
188,20.16,0.0035355339059332906,0.009204627019189124,0.01721430659823284,0.02030371668880162,20.151249999999997,20.156136363636364,20.165052083333332,20.168948598130843,0.010000000000001563,0.010000000000001563,0.030000000000001137,0.030000000000001137,0.0038633315343759023,0.005051755404565483,0.009345168764411937,4.445086475187665e-05,0.9997666770385348,0.00018887209671326346,0.028684997095780426,0.9998111279032867,9.442922956379835e-05,0.694051289713705,0.00018887209671326346
189,19.8,0.010606601717797778,0.009149914219956085,0.014148208126604219,0.020567145817593124,19.79625,19.79,19.78671875,19.79454128440367,0.019999999999999574,0.030000000000001137,0.060000000000002274,0.060000000000002274,0.00999974001024384,0.013281050571094966,0.005458639898279217,0.0017751928705102163,0.9979037279050288,0.0003210792244609316,0.03424254726213741,0.999678920775539,0.000160656418575754,0.6945996044134157,0.0003210792244609316
190,20.34,0.007559289460185727,0.010861418033173392,0.016193686826019797,0.01910132988938714,20.34,20.342727272727274,20.339739583333333,20.339059633027524,0.010000000000001563,0.019999999999999574,0.03999999999999915,0.05000000000000071,0.0027270940190646797,0.00026041483215522026,0.0009403630156157305,0.0007995733903745805,0.9989341862116156,0.0002662403980099122,0.0321658243805214,0.99973375960199,0.00013315570717083403,0.6943762313140216,0.0002662403980099122
191,20.21,0.008864052604279138,0.008660254037844406,0.009662583012383383,0.01225454999463529,20.2075,20.2075,20.20328125,20.199587155963304,0.010000000000001563,0.019999999999999574,0.030000000000001137,0.060000000000002274,0.002499812122550793,0.0067187170388933746,0.010412816100142663,0.0012874580852297343,0.998535221605192,0.00017732030957824774,0.02809382004202545,0.9998226796904217,8.870939461413203e-05,0.6940018614041394,0.00017732030957824774
192,20.36,0.007440238091427907,0.009710394160736794,0.012092845446576173,0.013049500578913973,20.35625,20.35181818181818,20.3415625,20.33901376146789,0.00999999999999801,0.030000000000001137,0.05000000000000071,0.05999999999999872,0.008181439545296598,0.01843738431307429,0.020986146257200744,0.0007551945819450184,0.9989674470344008,0.0002773583836541815,0.03260705003389063,0.9997226416163458,0.00013871233271395083,0.6944218605520569,0.0002773583836541815
193,20.17,0.005345224838247425,0.00805635541540223,0.008063982523302378,0.008975225723626258,20.175,20.179545454545455,20.18359375,20.185366972477066,0.0,0.010000000000001563,0.010000000000001563,0.010000000000001563,0.009545105560391676,0.013593710069471854,0.01536694225978863,0.0004442864583798522,0.9994669036194448,8.880992217540448e-05,0.022308482740671855,0.9999111900778246,4.441285495162281e-05,0.6936058879150926,8.880992217540448e-05
194,20.09,0.00707106781186658,0.010102539818394802,0.011391775071896482,0.012140740210790264,20.0925,20.091590909090908,20.088910256410255,20.087459807073955,0.010000000000001563,0.019999999999999574,0.03999999999999915,0.03999999999999915,0.0015908026543911546,0.00036181244286126457,0.004079718652974408,0.0007107635144629818,0.9990673300459467,0.00022190643959025774,0.03027121664610397,0.9997780935604098,0.00011098034655892243,0.6941917703550918,0.00022190643959025774
195,19.82,0.0053452248382483735,0.01098480595846102,0.015796808473254098,0.020501194014656485,19.83,19.83340909090909,19.831822916666667,19.832178899082567,0.0,0.0,0.019999999999999574,0.030000000000001137,0.013408264650024648,0.011821995860373136,0.012178066702517754,0.0002222419616970007,0.999466785195713,0.0003109728425900452,0.033870846334804784,0.99968902715741,0.00015547952337748754,0.6945582710271788,0.0003109728425900452
196,19.6,0.009258200997725318,0.009761966148613865,0.013009259690556448,0.015131397494273476,19.6,19.600227272727274,19.604375,19.60775229357798,0.010000000000001563,0.020000000000003126,0.020000000000003126,0.020000000000003126,0.0002272420097142458,0.00437486483133398,0.007752213077765191,0.0014204541871994888,0.9984022727266999,0.0001772730861005613,0.02809194861783033,0.9998227269138994,8.869167295610258e-05,0.694001663236666,0.0001772730861005613
197,19.64,0.011259916264596272,0.017253243712550353,0.016243454178989376,0.014859654876036221,19.65125,19.67,19.67515625,19.677270642201837,0.0,0.0,0.010000000000001563,0.010000000000001563,0.02999183489009738,0.03515478400368011,0.03727046362109832,0.0019967372006878203,0.9976380589447075,0.0003652038546046706,0.035744854738876106,0.9996347961453952,0.00018275100948533815,0.6947757507158586,0.0003652038546046706
